[    1173ms] [INFO] [rsbuild] WebSocket connecting... @ http://localhost:5175/static/js/vendors-node_modules_katex_dist_katex_min_css-node_modules_lobehub_icons_es_index_js-node_mod-cc0141.js:272395
[    1201ms] [INFO] %cDownload the React DevTools for a better development experience: https://react.dev/link/react-devtools font-weight:bold @ http://localhost:5175/static/js/lib-react.js:28005
[    1229ms] [LOG] i18next: languageChanged zhCN @ http://localhost:5175/static/js/vendors-node_modules_katex_dist_katex_min_css-node_modules_lobehub_icons_es_index_js-node_mod-cc0141.js:340321
[    1230ms] [LOG] i18next: initialized {debug: true, initAsync: true, ns: Array(1), defaultNS: Array(1), fallbackLng: Array(1)} @ http://localhost:5175/static/js/vendors-node_modules_katex_dist_katex_min_css-node_modules_lobehub_icons_es_index_js-node_mod-cc0141.js:340321
[    1590ms] [INFO] [rsbuild] WebSocket connected. @ http://localhost:5175/static/js/vendors-node_modules_katex_dist_katex_min_css-node_modules_lobehub_icons_es_index_js-node_mod-cc0141.js:272395
[    1759ms] [VERBOSE] [DOM] Input elements should have autocomplete attributes (suggested: "current-password"): (More info: https://goo.gl/9p2vKq) %o @ http://localhost:5175/sign-in?redirect=%2Fkeys:0
[   79094ms] [LOG] [HMR] Reload all CSS @ http://localhost:5175/static/js/vendors-node_modules_katex_dist_katex_min_css-node_modules_lobehub_icons_es_index_js-node_mod-cc0141.js:310559
[   79138ms] [LOG] [HMR] Reload all CSS @ http://localhost:5175/static/js/vendors-node_modules_katex_dist_katex_min_css-node_modules_lobehub_icons_es_index_js-node_mod-cc0141.js:310559
[   83754ms] [LOG] [HMR] Reload all CSS @ http://localhost:5175/static/js/vendors-node_modules_katex_dist_katex_min_css-node_modules_lobehub_icons_es_index_js-node_mod-cc0141.js:310559
[   83778ms] [ERROR] [rsbuild] HMR update failed, performing full reload: Error: Aborted because ./src/i18n/locales/en.json is not accepted
Update propagation: ./src/i18n/locales/en.json -> ./src/i18n/config.ts -> ./src/main.tsx
    at hotApplyHandler (http://localhost:5175/static/js/index.js:262425:20)
    at http://localhost:5175/static/js/index.js:261844:10
    at Array.map (<anonymous>)
    at internalApply (http://localhost:5175/static/js/index.js:261843:43)
    at http://localhost:5175/static/js/index.js:261818:15
    at waitForBlockingPromises (http://localhost:5175/static/js/index.js:261771:37)
    at http://localhost:5175/static/js/index.js:261816:13 @ http://localhost:5175/static/js/vendors-node_modules_katex_dist_katex_min_css-node_modules_lobehub_icons_es_index_js-node_mod-cc0141.js:272409
[   84501ms] [INFO] [rsbuild] WebSocket connecting... @ http://localhost:5175/static/js/vendors-node_modules_katex_dist_katex_min_css-node_modules_lobehub_icons_es_index_js-node_mod-cc0141.js:272395
[   84508ms] [INFO] %cDownload the React DevTools for a better development experience: https://react.dev/link/react-devtools font-weight:bold @ http://localhost:5175/static/js/lib-react.js:28005
[   84534ms] [LOG] i18next: languageChanged zhCN @ http://localhost:5175/static/js/vendors-node_modules_katex_dist_katex_min_css-node_modules_lobehub_icons_es_index_js-node_mod-cc0141.js:340321
[   84534ms] [LOG] i18next: initialized {debug: true, initAsync: true, ns: Array(1), defaultNS: Array(1), fallbackLng: Array(1)} @ http://localhost:5175/static/js/vendors-node_modules_katex_dist_katex_min_css-node_modules_lobehub_icons_es_index_js-node_mod-cc0141.js:340321
[   84848ms] [INFO] [rsbuild] WebSocket connected. @ http://localhost:5175/static/js/vendors-node_modules_katex_dist_katex_min_css-node_modules_lobehub_icons_es_index_js-node_mod-cc0141.js:272395
[   84936ms] [VERBOSE] [DOM] Input elements should have autocomplete attributes (suggested: "current-password"): (More info: https://goo.gl/9p2vKq) %o @ http://localhost:5175/sign-in?redirect=%2Fkeys:0
[  186717ms] [INFO] [rsbuild] WebSocket connecting... @ http://localhost:5175/static/js/vendors-node_modules_katex_dist_katex_min_css-node_modules_lobehub_icons_es_index_js-node_mod-cc0141.js:272395
[  186723ms] [INFO] %cDownload the React DevTools for a better development experience: https://react.dev/link/react-devtools font-weight:bold @ http://localhost:5175/static/js/lib-react.js:28005
[  186737ms] [LOG] i18next: languageChanged zhCN @ http://localhost:5175/static/js/vendors-node_modules_katex_dist_katex_min_css-node_modules_lobehub_icons_es_index_js-node_mod-cc0141.js:340321
[  186737ms] [LOG] i18next: initialized {debug: true, initAsync: true, ns: Array(1), defaultNS: Array(1), fallbackLng: Array(1)} @ http://localhost:5175/static/js/vendors-node_modules_katex_dist_katex_min_css-node_modules_lobehub_icons_es_index_js-node_mod-cc0141.js:340321
[  187033ms] [INFO] [rsbuild] WebSocket connected. @ http://localhost:5175/static/js/vendors-node_modules_katex_dist_katex_min_css-node_modules_lobehub_icons_es_index_js-node_mod-cc0141.js:272395
[  200532ms] [INFO] [rsbuild] WebSocket connecting... @ http://localhost:5175/static/js/vendors-node_modules_katex_dist_katex_min_css-node_modules_lobehub_icons_es_index_js-node_mod-cc0141.js:272395
[  200537ms] [INFO] %cDownload the React DevTools for a better development experience: https://react.dev/link/react-devtools font-weight:bold @ http://localhost:5175/static/js/lib-react.js:28005
[  200558ms] [LOG] i18next: languageChanged zhCN @ http://localhost:5175/static/js/vendors-node_modules_katex_dist_katex_min_css-node_modules_lobehub_icons_es_index_js-node_mod-cc0141.js:340321
[  200558ms] [LOG] i18next: initialized {debug: true, initAsync: true, ns: Array(1), defaultNS: Array(1), fallbackLng: Array(1)} @ http://localhost:5175/static/js/vendors-node_modules_katex_dist_katex_min_css-node_modules_lobehub_icons_es_index_js-node_mod-cc0141.js:340321
[  201027ms] [INFO] [rsbuild] WebSocket connected. @ http://localhost:5175/static/js/vendors-node_modules_katex_dist_katex_min_css-node_modules_lobehub_icons_es_index_js-node_mod-cc0141.js:272395
[  245297ms] [INFO] [rsbuild] WebSocket connecting... @ http://localhost:5175/static/js/vendors-node_modules_katex_dist_katex_min_css-node_modules_lobehub_icons_es_index_js-node_mod-cc0141.js:272395
[  245301ms] [INFO] %cDownload the React DevTools for a better development experience: https://react.dev/link/react-devtools font-weight:bold @ http://localhost:5175/static/js/lib-react.js:28005
[  245314ms] [LOG] i18next: languageChanged zhCN @ http://localhost:5175/static/js/vendors-node_modules_katex_dist_katex_min_css-node_modules_lobehub_icons_es_index_js-node_mod-cc0141.js:340321
[  245314ms] [LOG] i18next: initialized {debug: true, initAsync: true, ns: Array(1), defaultNS: Array(1), fallbackLng: Array(1)} @ http://localhost:5175/static/js/vendors-node_modules_katex_dist_katex_min_css-node_modules_lobehub_icons_es_index_js-node_mod-cc0141.js:340321
[  245656ms] [INFO] [rsbuild] WebSocket connected. @ http://localhost:5175/static/js/vendors-node_modules_katex_dist_katex_min_css-node_modules_lobehub_icons_es_index_js-node_mod-cc0141.js:272395
[  246622ms] [INFO] [rsbuild] WebSocket connecting... @ http://localhost:5175/static/js/vendors-node_modules_katex_dist_katex_min_css-node_modules_lobehub_icons_es_index_js-node_mod-cc0141.js:272395
[  246625ms] [INFO] %cDownload the React DevTools for a better development experience: https://react.dev/link/react-devtools font-weight:bold @ http://localhost:5175/static/js/lib-react.js:28005
[  246637ms] [LOG] i18next: languageChanged zhCN @ http://localhost:5175/static/js/vendors-node_modules_katex_dist_katex_min_css-node_modules_lobehub_icons_es_index_js-node_mod-cc0141.js:340321
[  246637ms] [LOG] i18next: initialized {debug: true, initAsync: true, ns: Array(1), defaultNS: Array(1), fallbackLng: Array(1)} @ http://localhost:5175/static/js/vendors-node_modules_katex_dist_katex_min_css-node_modules_lobehub_icons_es_index_js-node_mod-cc0141.js:340321
[  246834ms] [LOG] i18next::translator: missingKey zhCN translation 所有分组 所有分组 @ http://localhost:5175/static/js/vendors-node_modules_katex_dist_katex_min_css-node_modules_lobehub_icons_es_index_js-node_mod-cc0141.js:340321
[  246834ms] [LOG] i18next::translator: missingKey zhCN translation 所有分组 所有分组 @ http://localhost:5175/static/js/vendors-node_modules_katex_dist_katex_min_css-node_modules_lobehub_icons_es_index_js-node_mod-cc0141.js:340321
[  246834ms] [LOG] i18next::translator: missingKey zhCN translation 所有分组 所有分组 @ http://localhost:5175/static/js/vendors-node_modules_katex_dist_katex_min_css-node_modules_lobehub_icons_es_index_js-node_mod-cc0141.js:340321
[  246834ms] [LOG] i18next::translator: missingKey zhCN translation 所有分组 所有分组 @ http://localhost:5175/static/js/vendors-node_modules_katex_dist_katex_min_css-node_modules_lobehub_icons_es_index_js-node_mod-cc0141.js:340321
[  246851ms] [LOG] i18next::translator: missingKey zhCN translation Sub2API Sub2API @ http://localhost:5175/static/js/vendors-node_modules_katex_dist_katex_min_css-node_modules_lobehub_icons_es_index_js-node_mod-cc0141.js:340321
[  246852ms] [LOG] i18next::translator: missingKey zhCN translation Sub2API Sub2API @ http://localhost:5175/static/js/vendors-node_modules_katex_dist_katex_min_css-node_modules_lobehub_icons_es_index_js-node_mod-cc0141.js:340321
[  246889ms] [LOG] i18next::translator: missingKey zhCN translation 所有分组 所有分组 @ http://localhost:5175/static/js/vendors-node_modules_katex_dist_katex_min_css-node_modules_lobehub_icons_es_index_js-node_mod-cc0141.js:340321
[  246889ms] [LOG] i18next::translator: missingKey zhCN translation 所有分组 所有分组 @ http://localhost:5175/static/js/vendors-node_modules_katex_dist_katex_min_css-node_modules_lobehub_icons_es_index_js-node_mod-cc0141.js:340321
[  246890ms] [LOG] i18next::translator: missingKey zhCN translation 所有分组 所有分组 @ http://localhost:5175/static/js/vendors-node_modules_katex_dist_katex_min_css-node_modules_lobehub_icons_es_index_js-node_mod-cc0141.js:340321
[  246890ms] [LOG] i18next::translator: missingKey zhCN translation 所有分组 所有分组 @ http://localhost:5175/static/js/vendors-node_modules_katex_dist_katex_min_css-node_modules_lobehub_icons_es_index_js-node_mod-cc0141.js:340321
[  246969ms] [INFO] [rsbuild] WebSocket connected. @ http://localhost:5175/static/js/vendors-node_modules_katex_dist_katex_min_css-node_modules_lobehub_icons_es_index_js-node_mod-cc0141.js:272395
[  246974ms] [LOG] i18next::translator: missingKey zhCN translation 所有分组 所有分组 @ http://localhost:5175/static/js/vendors-node_modules_katex_dist_katex_min_css-node_modules_lobehub_icons_es_index_js-node_mod-cc0141.js:340321
[  246974ms] [LOG] i18next::translator: missingKey zhCN translation 所有分组 所有分组 @ http://localhost:5175/static/js/vendors-node_modules_katex_dist_katex_min_css-node_modules_lobehub_icons_es_index_js-node_mod-cc0141.js:340321
[  246975ms] [LOG] i18next::translator: missingKey zhCN translation 所有分组 所有分组 @ http://localhost:5175/static/js/vendors-node_modules_katex_dist_katex_min_css-node_modules_lobehub_icons_es_index_js-node_mod-cc0141.js:340321
[  246975ms] [LOG] i18next::translator: missingKey zhCN translation 所有分组 所有分组 @ http://localhost:5175/static/js/vendors-node_modules_katex_dist_katex_min_css-node_modules_lobehub_icons_es_index_js-node_mod-cc0141.js:340321
[  247040ms] [LOG] i18next::translator: missingKey zhCN translation 所有分组 所有分组 @ http://localhost:5175/static/js/vendors-node_modules_katex_dist_katex_min_css-node_modules_lobehub_icons_es_index_js-node_mod-cc0141.js:340321
[  247040ms] [LOG] i18next::translator: missingKey zhCN translation 所有分组 所有分组 @ http://localhost:5175/static/js/vendors-node_modules_katex_dist_katex_min_css-node_modules_lobehub_icons_es_index_js-node_mod-cc0141.js:340321
[  247040ms] [LOG] i18next::translator: missingKey zhCN translation 所有分组 所有分组 @ http://localhost:5175/static/js/vendors-node_modules_katex_dist_katex_min_css-node_modules_lobehub_icons_es_index_js-node_mod-cc0141.js:340321
[  247041ms] [LOG] i18next::translator: missingKey zhCN translation 所有分组 所有分组 @ http://localhost:5175/static/js/vendors-node_modules_katex_dist_katex_min_css-node_modules_lobehub_icons_es_index_js-node_mod-cc0141.js:340321
[  248008ms] [INFO] [rsbuild] WebSocket connecting... @ http://localhost:5175/static/js/vendors-node_modules_katex_dist_katex_min_css-node_modules_lobehub_icons_es_index_js-node_mod-cc0141.js:272395
[  248013ms] [INFO] %cDownload the React DevTools for a better development experience: https://react.dev/link/react-devtools font-weight:bold @ http://localhost:5175/static/js/lib-react.js:28005
[  248028ms] [LOG] i18next: languageChanged zhCN @ http://localhost:5175/static/js/vendors-node_modules_katex_dist_katex_min_css-node_modules_lobehub_icons_es_index_js-node_mod-cc0141.js:340321
[  248028ms] [LOG] i18next: initialized {debug: true, initAsync: true, ns: Array(1), defaultNS: Array(1), fallbackLng: Array(1)} @ http://localhost:5175/static/js/vendors-node_modules_katex_dist_katex_min_css-node_modules_lobehub_icons_es_index_js-node_mod-cc0141.js:340321
[  248264ms] [LOG] i18next::translator: missingKey zhCN translation 已启用 已启用 @ http://localhost:5175/static/js/vendors-node_modules_katex_dist_katex_min_css-node_modules_lobehub_icons_es_index_js-node_mod-cc0141.js:340321
[  248264ms] [LOG] i18next::translator: missingKey zhCN translation 已启用 已启用 @ http://localhost:5175/static/js/vendors-node_modules_katex_dist_katex_min_css-node_modules_lobehub_icons_es_index_js-node_mod-cc0141.js:340321
[  248265ms] [LOG] i18next::translator: missingKey zhCN translation 已禁用 已禁用 @ http://localhost:5175/static/js/vendors-node_modules_katex_dist_katex_min_css-node_modules_lobehub_icons_es_index_js-node_mod-cc0141.js:340321
[  248265ms] [LOG] i18next::translator: missingKey zhCN translation 已禁用 已禁用 @ http://localhost:5175/static/js/vendors-node_modules_katex_dist_katex_min_css-node_modules_lobehub_icons_es_index_js-node_mod-cc0141.js:340321
[  248265ms] [LOG] i18next::translator: missingKey zhCN translation 已注销 已注销 @ http://localhost:5175/static/js/vendors-node_modules_katex_dist_katex_min_css-node_modules_lobehub_icons_es_index_js-node_mod-cc0141.js:340321
[  248265ms] [LOG] i18next::translator: missingKey zhCN translation 已注销 已注销 @ http://localhost:5175/static/js/vendors-node_modules_katex_dist_katex_min_css-node_modules_lobehub_icons_es_index_js-node_mod-cc0141.js:340321
[  248265ms] [LOG] i18next::translator: missingKey zhCN translation 已启用 已启用 @ http://localhost:5175/static/js/vendors-node_modules_katex_dist_katex_min_css-node_modules_lobehub_icons_es_index_js-node_mod-cc0141.js:340321
[  248265ms] [LOG] i18next::translator: missingKey zhCN translation 已启用 已启用 @ http://localhost:5175/static/js/vendors-node_modules_katex_dist_katex_min_css-node_modules_lobehub_icons_es_index_js-node_mod-cc0141.js:340321
[  248265ms] [LOG] i18next::translator: missingKey zhCN translation 已禁用 已禁用 @ http://localhost:5175/static/js/vendors-node_modules_katex_dist_katex_min_css-node_modules_lobehub_icons_es_index_js-node_mod-cc0141.js:340321
[  248266ms] [LOG] i18next::translator: missingKey zhCN translation 已禁用 已禁用 @ http://localhost:5175/static/js/vendors-node_modules_katex_dist_katex_min_css-node_modules_lobehub_icons_es_index_js-node_mod-cc0141.js:340321
[  248266ms] [LOG] i18next::translator: missingKey zhCN translation 已注销 已注销 @ http://localhost:5175/static/js/vendors-node_modules_katex_dist_katex_min_css-node_modules_lobehub_icons_es_index_js-node_mod-cc0141.js:340321
[  248266ms] [LOG] i18next::translator: missingKey zhCN translation 已注销 已注销 @ http://localhost:5175/static/js/vendors-node_modules_katex_dist_katex_min_css-node_modules_lobehub_icons_es_index_js-node_mod-cc0141.js:340321
[  248268ms] [LOG] i18next::translator: missingKey zhCN translation 用户 用户 @ http://localhost:5175/static/js/vendors-node_modules_katex_dist_katex_min_css-node_modules_lobehub_icons_es_index_js-node_mod-cc0141.js:340321
[  248269ms] [LOG] i18next::translator: missingKey zhCN translation 用户 用户 @ http://localhost:5175/static/js/vendors-node_modules_katex_dist_katex_min_css-node_modules_lobehub_icons_es_index_js-node_mod-cc0141.js:340321
[  248269ms] [LOG] i18next::translator: missingKey zhCN translation 管理员 管理员 @ http://localhost:5175/static/js/vendors-node_modules_katex_dist_katex_min_css-node_modules_lobehub_icons_es_index_js-node_mod-cc0141.js:340321
[  248269ms] [LOG] i18next::translator: missingKey zhCN translation 管理员 管理员 @ http://localhost:5175/static/js/vendors-node_modules_katex_dist_katex_min_css-node_modules_lobehub_icons_es_index_js-node_mod-cc0141.js:340321
[  248271ms] [LOG] i18next::translator: missingKey zhCN translation 用户 用户 @ http://localhost:5175/static/js/vendors-node_modules_katex_dist_katex_min_css-node_modules_lobehub_icons_es_index_js-node_mod-cc0141.js:340321
[  248271ms] [LOG] i18next::translator: missingKey zhCN translation 用户 用户 @ http://localhost:5175/static/js/vendors-node_modules_katex_dist_katex_min_css-node_modules_lobehub_icons_es_index_js-node_mod-cc0141.js:340321
[  248271ms] [LOG] i18next::translator: missingKey zhCN translation 管理员 管理员 @ http://localhost:5175/static/js/vendors-node_modules_katex_dist_katex_min_css-node_modules_lobehub_icons_es_index_js-node_mod-cc0141.js:340321
[  248271ms] [LOG] i18next::translator: missingKey zhCN translation 管理员 管理员 @ http://localhost:5175/static/js/vendors-node_modules_katex_dist_katex_min_css-node_modules_lobehub_icons_es_index_js-node_mod-cc0141.js:340321
[  248343ms] [LOG] i18next::translator: missingKey zhCN translation 已启用 已启用 @ http://localhost:5175/static/js/vendors-node_modules_katex_dist_katex_min_css-node_modules_lobehub_icons_es_index_js-node_mod-cc0141.js:340321
[  248344ms] [LOG] i18next::translator: missingKey zhCN translation 已启用 已启用 @ http://localhost:5175/static/js/vendors-node_modules_katex_dist_katex_min_css-node_modules_lobehub_icons_es_index_js-node_mod-cc0141.js:340321
[  248344ms] [LOG] i18next::translator: missingKey zhCN translation 已禁用 已禁用 @ http://localhost:5175/static/js/vendors-node_modules_katex_dist_katex_min_css-node_modules_lobehub_icons_es_index_js-node_mod-cc0141.js:340321
[  248344ms] [LOG] i18next::translator: missingKey zhCN translation 已禁用 已禁用 @ http://localhost:5175/static/js/vendors-node_modules_katex_dist_katex_min_css-node_modules_lobehub_icons_es_index_js-node_mod-cc0141.js:340321
[  248344ms] [LOG] i18next::translator: missingKey zhCN translation 已注销 已注销 @ http://localhost:5175/static/js/vendors-node_modules_katex_dist_katex_min_css-node_modules_lobehub_icons_es_index_js-node_mod-cc0141.js:340321
[  248344ms] [LOG] i18next::translator: missingKey zhCN translation 已注销 已注销 @ http://localhost:5175/static/js/vendors-node_modules_katex_dist_katex_min_css-node_modules_lobehub_icons_es_index_js-node_mod-cc0141.js:340321
[  248345ms] [LOG] i18next::translator: missingKey zhCN translation 已启用 已启用 @ http://localhost:5175/static/js/vendors-node_modules_katex_dist_katex_min_css-node_modules_lobehub_icons_es_index_js-node_mod-cc0141.js:340321
[  248345ms] [LOG] i18next::translator: missingKey zhCN translation 已启用 已启用 @ http://localhost:5175/static/js/vendors-node_modules_katex_dist_katex_min_css-node_modules_lobehub_icons_es_index_js-node_mod-cc0141.js:340321
[  248345ms] [LOG] i18next::translator: missingKey zhCN translation 已禁用 已禁用 @ http://localhost:5175/static/js/vendors-node_modules_katex_dist_katex_min_css-node_modules_lobehub_icons_es_index_js-node_mod-cc0141.js:340321
[  248345ms] [LOG] i18next::translator: missingKey zhCN translation 已禁用 已禁用 @ http://localhost:5175/static/js/vendors-node_modules_katex_dist_katex_min_css-node_modules_lobehub_icons_es_index_js-node_mod-cc0141.js:340321
[  248346ms] [LOG] i18next::translator: missingKey zhCN translation 已注销 已注销 @ http://localhost:5175/static/js/vendors-node_modules_katex_dist_katex_min_css-node_modules_lobehub_icons_es_index_js-node_mod-cc0141.js:340321
[  248346ms] [LOG] i18next::translator: missingKey zhCN translation 已注销 已注销 @ http://localhost:5175/static/js/vendors-node_modules_katex_dist_katex_min_css-node_modules_lobehub_icons_es_index_js-node_mod-cc0141.js:340321
[  248348ms] [LOG] i18next::translator: missingKey zhCN translation 用户 用户 @ http://localhost:5175/static/js/vendors-node_modules_katex_dist_katex_min_css-node_modules_lobehub_icons_es_index_js-node_mod-cc0141.js:340321
[  248348ms] [LOG] i18next::translator: missingKey zhCN translation 用户 用户 @ http://localhost:5175/static/js/vendors-node_modules_katex_dist_katex_min_css-node_modules_lobehub_icons_es_index_js-node_mod-cc0141.js:340321
[  248348ms] [LOG] i18next::translator: missingKey zhCN translation 管理员 管理员 @ http://localhost:5175/static/js/vendors-node_modules_katex_dist_katex_min_css-node_modules_lobehub_icons_es_index_js-node_mod-cc0141.js:340321
[  248349ms] [LOG] i18next::translator: missingKey zhCN translation 管理员 管理员 @ http://localhost:5175/static/js/vendors-node_modules_katex_dist_katex_min_css-node_modules_lobehub_icons_es_index_js-node_mod-cc0141.js:340321
[  248349ms] [LOG] i18next::translator: missingKey zhCN translation 用户 用户 @ http://localhost:5175/static/js/vendors-node_modules_katex_dist_katex_min_css-node_modules_lobehub_icons_es_index_js-node_mod-cc0141.js:340321
[  248350ms] [LOG] i18next::translator: missingKey zhCN translation 用户 用户 @ http://localhost:5175/static/js/vendors-node_modules_katex_dist_katex_min_css-node_modules_lobehub_icons_es_index_js-node_mod-cc0141.js:340321
[  248350ms] [LOG] i18next::translator: missingKey zhCN translation 管理员 管理员 @ http://localhost:5175/static/js/vendors-node_modules_katex_dist_katex_min_css-node_modules_lobehub_icons_es_index_js-node_mod-cc0141.js:340321
[  248350ms] [LOG] i18next::translator: missingKey zhCN translation 管理员 管理员 @ http://localhost:5175/static/js/vendors-node_modules_katex_dist_katex_min_css-node_modules_lobehub_icons_es_index_js-node_mod-cc0141.js:340321
[  248457ms] [INFO] [rsbuild] WebSocket connected. @ http://localhost:5175/static/js/vendors-node_modules_katex_dist_katex_min_css-node_modules_lobehub_icons_es_index_js-node_mod-cc0141.js:272395
[  248459ms] [LOG] i18next::translator: missingKey zhCN translation 已启用 已启用 @ http://localhost:5175/static/js/vendors-node_modules_katex_dist_katex_min_css-node_modules_lobehub_icons_es_index_js-node_mod-cc0141.js:340321
[  248459ms] [LOG] i18next::translator: missingKey zhCN translation 已启用 已启用 @ http://localhost:5175/static/js/vendors-node_modules_katex_dist_katex_min_css-node_modules_lobehub_icons_es_index_js-node_mod-cc0141.js:340321
[  248459ms] [LOG] i18next::translator: missingKey zhCN translation 已禁用 已禁用 @ http://localhost:5175/static/js/vendors-node_modules_katex_dist_katex_min_css-node_modules_lobehub_icons_es_index_js-node_mod-cc0141.js:340321
[  248459ms] [LOG] i18next::translator: missingKey zhCN translation 已禁用 已禁用 @ http://localhost:5175/static/js/vendors-node_modules_katex_dist_katex_min_css-node_modules_lobehub_icons_es_index_js-node_mod-cc0141.js:340321
[  248460ms] [LOG] i18next::translator: missingKey zhCN translation 已注销 已注销 @ http://localhost:5175/static/js/vendors-node_modules_katex_dist_katex_min_css-node_modules_lobehub_icons_es_index_js-node_mod-cc0141.js:340321
[  248460ms] [LOG] i18next::translator: missingKey zhCN translation 已注销 已注销 @ http://localhost:5175/static/js/vendors-node_modules_katex_dist_katex_min_css-node_modules_lobehub_icons_es_index_js-node_mod-cc0141.js:340321
[  248460ms] [LOG] i18next::translator: missingKey zhCN translation 已启用 已启用 @ http://localhost:5175/static/js/vendors-node_modules_katex_dist_katex_min_css-node_modules_lobehub_icons_es_index_js-node_mod-cc0141.js:340321
[  248460ms] [LOG] i18next::translator: missingKey zhCN translation 已启用 已启用 @ http://localhost:5175/static/js/vendors-node_modules_katex_dist_katex_min_css-node_modules_lobehub_icons_es_index_js-node_mod-cc0141.js:340321
[  248460ms] [LOG] i18next::translator: missingKey zhCN translation 已禁用 已禁用 @ http://localhost:5175/static/js/vendors-node_modules_katex_dist_katex_min_css-node_modules_lobehub_icons_es_index_js-node_mod-cc0141.js:340321
[  248460ms] [LOG] i18next::translator: missingKey zhCN translation 已禁用 已禁用 @ http://localhost:5175/static/js/vendors-node_modules_katex_dist_katex_min_css-node_modules_lobehub_icons_es_index_js-node_mod-cc0141.js:340321
[  248460ms] [LOG] i18next::translator: missingKey zhCN translation 已注销 已注销 @ http://localhost:5175/static/js/vendors-node_modules_katex_dist_katex_min_css-node_modules_lobehub_icons_es_index_js-node_mod-cc0141.js:340321
[  248461ms] [LOG] i18next::translator: missingKey zhCN translation 已注销 已注销 @ http://localhost:5175/static/js/vendors-node_modules_katex_dist_katex_min_css-node_modules_lobehub_icons_es_index_js-node_mod-cc0141.js:340321
[  248463ms] [LOG] i18next::translator: missingKey zhCN translation 用户 用户 @ http://localhost:5175/static/js/vendors-node_modules_katex_dist_katex_min_css-node_modules_lobehub_icons_es_index_js-node_mod-cc0141.js:340321
[  248463ms] [LOG] i18next::translator: missingKey zhCN translation 用户 用户 @ http://localhost:5175/static/js/vendors-node_modules_katex_dist_katex_min_css-node_modules_lobehub_icons_es_index_js-node_mod-cc0141.js:340321
[  248464ms] [LOG] i18next::translator: missingKey zhCN translation 管理员 管理员 @ http://localhost:5175/static/js/vendors-node_modules_katex_dist_katex_min_css-node_modules_lobehub_icons_es_index_js-node_mod-cc0141.js:340321
[  248464ms] [LOG] i18next::translator: missingKey zhCN translation 管理员 管理员 @ http://localhost:5175/static/js/vendors-node_modules_katex_dist_katex_min_css-node_modules_lobehub_icons_es_index_js-node_mod-cc0141.js:340321
[  248464ms] [LOG] i18next::translator: missingKey zhCN translation 用户 用户 @ http://localhost:5175/static/js/vendors-node_modules_katex_dist_katex_min_css-node_modules_lobehub_icons_es_index_js-node_mod-cc0141.js:340321
[  248465ms] [LOG] i18next::translator: missingKey zhCN translation 用户 用户 @ http://localhost:5175/static/js/vendors-node_modules_katex_dist_katex_min_css-node_modules_lobehub_icons_es_index_js-node_mod-cc0141.js:340321
[  248465ms] [LOG] i18next::translator: missingKey zhCN translation 管理员 管理员 @ http://localhost:5175/static/js/vendors-node_modules_katex_dist_katex_min_css-node_modules_lobehub_icons_es_index_js-node_mod-cc0141.js:340321
[  248465ms] [LOG] i18next::translator: missingKey zhCN translation 管理员 管理员 @ http://localhost:5175/static/js/vendors-node_modules_katex_dist_katex_min_css-node_modules_lobehub_icons_es_index_js-node_mod-cc0141.js:340321
[  249446ms] [INFO] [rsbuild] WebSocket connecting... @ http://localhost:5175/static/js/vendors-node_modules_katex_dist_katex_min_css-node_modules_lobehub_icons_es_index_js-node_mod-cc0141.js:272395
[  249449ms] [INFO] %cDownload the React DevTools for a better development experience: https://react.dev/link/react-devtools font-weight:bold @ http://localhost:5175/static/js/lib-react.js:28005
[  249463ms] [LOG] i18next: languageChanged zhCN @ http://localhost:5175/static/js/vendors-node_modules_katex_dist_katex_min_css-node_modules_lobehub_icons_es_index_js-node_mod-cc0141.js:340321
[  249463ms] [LOG] i18next: initialized {debug: true, initAsync: true, ns: Array(1), defaultNS: Array(1), fallbackLng: Array(1)} @ http://localhost:5175/static/js/vendors-node_modules_katex_dist_katex_min_css-node_modules_lobehub_icons_es_index_js-node_mod-cc0141.js:340321
[  249678ms] [LOG] i18next::translator: missingKey zhCN translation 所有状态 所有状态 @ http://localhost:5175/static/js/vendors-node_modules_katex_dist_katex_min_css-node_modules_lobehub_icons_es_index_js-node_mod-cc0141.js:340321
[  249679ms] [LOG] i18next::translator: missingKey zhCN translation 所有状态 所有状态 @ http://localhost:5175/static/js/vendors-node_modules_katex_dist_katex_min_css-node_modules_lobehub_icons_es_index_js-node_mod-cc0141.js:340321
[  249679ms] [LOG] i18next::translator: missingKey zhCN translation 已启用 已启用 @ http://localhost:5175/static/js/vendors-node_modules_katex_dist_katex_min_css-node_modules_lobehub_icons_es_index_js-node_mod-cc0141.js:340321
[  249679ms] [LOG] i18next::translator: missingKey zhCN translation 已启用 已启用 @ http://localhost:5175/static/js/vendors-node_modules_katex_dist_katex_min_css-node_modules_lobehub_icons_es_index_js-node_mod-cc0141.js:340321
[  249679ms] [LOG] i18next::translator: missingKey zhCN translation 已禁用 已禁用 @ http://localhost:5175/static/js/vendors-node_modules_katex_dist_katex_min_css-node_modules_lobehub_icons_es_index_js-node_mod-cc0141.js:340321
[  249680ms] [LOG] i18next::translator: missingKey zhCN translation 已禁用 已禁用 @ http://localhost:5175/static/js/vendors-node_modules_katex_dist_katex_min_css-node_modules_lobehub_icons_es_index_js-node_mod-cc0141.js:340321
[  249680ms] [LOG] i18next::translator: missingKey zhCN translation 所有状态 所有状态 @ http://localhost:5175/static/js/vendors-node_modules_katex_dist_katex_min_css-node_modules_lobehub_icons_es_index_js-node_mod-cc0141.js:340321
[  249680ms] [LOG] i18next::translator: missingKey zhCN translation 所有状态 所有状态 @ http://localhost:5175/static/js/vendors-node_modules_katex_dist_katex_min_css-node_modules_lobehub_icons_es_index_js-node_mod-cc0141.js:340321
[  249681ms] [LOG] i18next::translator: missingKey zhCN translation 已启用 已启用 @ http://localhost:5175/static/js/vendors-node_modules_katex_dist_katex_min_css-node_modules_lobehub_icons_es_index_js-node_mod-cc0141.js:340321
[  249681ms] [LOG] i18next::translator: missingKey zhCN translation 已启用 已启用 @ http://localhost:5175/static/js/vendors-node_modules_katex_dist_katex_min_css-node_modules_lobehub_icons_es_index_js-node_mod-cc0141.js:340321
[  249681ms] [LOG] i18next::translator: missingKey zhCN translation 已禁用 已禁用 @ http://localhost:5175/static/js/vendors-node_modules_katex_dist_katex_min_css-node_modules_lobehub_icons_es_index_js-node_mod-cc0141.js:340321
[  249681ms] [LOG] i18next::translator: missingKey zhCN translation 已禁用 已禁用 @ http://localhost:5175/static/js/vendors-node_modules_katex_dist_katex_min_css-node_modules_lobehub_icons_es_index_js-node_mod-cc0141.js:340321
[  249685ms] [LOG] i18next::translator: missingKey zhCN translation 所有供应商 所有供应商 @ http://localhost:5175/static/js/vendors-node_modules_katex_dist_katex_min_css-node_modules_lobehub_icons_es_index_js-node_mod-cc0141.js:340321
[  249685ms] [LOG] i18next::translator: missingKey zhCN translation 所有供应商 所有供应商 @ http://localhost:5175/static/js/vendors-node_modules_katex_dist_katex_min_css-node_modules_lobehub_icons_es_index_js-node_mod-cc0141.js:340321
[  249685ms] [LOG] i18next::translator: missingKey zhCN translation 所有供应商 所有供应商 @ http://localhost:5175/static/js/vendors-node_modules_katex_dist_katex_min_css-node_modules_lobehub_icons_es_index_js-node_mod-cc0141.js:340321
[  249685ms] [LOG] i18next::translator: missingKey zhCN translation 所有供应商 所有供应商 @ http://localhost:5175/static/js/vendors-node_modules_katex_dist_katex_min_css-node_modules_lobehub_icons_es_index_js-node_mod-cc0141.js:340321
[  249687ms] [LOG] i18next::translator: missingKey zhCN translation 所有同步状态 所有同步状态 @ http://localhost:5175/static/js/vendors-node_modules_katex_dist_katex_min_css-node_modules_lobehub_icons_es_index_js-node_mod-cc0141.js:340321
[  249687ms] [LOG] i18next::translator: missingKey zhCN translation 所有同步状态 所有同步状态 @ http://localhost:5175/static/js/vendors-node_modules_katex_dist_katex_min_css-node_modules_lobehub_icons_es_index_js-node_mod-cc0141.js:340321
[  249687ms] [LOG] i18next::translator: missingKey zhCN translation 官方同步 官方同步 @ http://localhost:5175/static/js/vendors-node_modules_katex_dist_katex_min_css-node_modules_lobehub_icons_es_index_js-node_mod-cc0141.js:340321
[  249687ms] [LOG] i18next::translator: missingKey zhCN translation 官方同步 官方同步 @ http://localhost:5175/static/js/vendors-node_modules_katex_dist_katex_min_css-node_modules_lobehub_icons_es_index_js-node_mod-cc0141.js:340321
[  249688ms] [LOG] i18next::translator: missingKey zhCN translation 不同步 不同步 @ http://localhost:5175/static/js/vendors-node_modules_katex_dist_katex_min_css-node_modules_lobehub_icons_es_index_js-node_mod-cc0141.js:340321
[  249688ms] [LOG] i18next::translator: missingKey zhCN translation 不同步 不同步 @ http://localhost:5175/static/js/vendors-node_modules_katex_dist_katex_min_css-node_modules_lobehub_icons_es_index_js-node_mod-cc0141.js:340321
[  249688ms] [LOG] i18next::translator: missingKey zhCN translation 所有同步状态 所有同步状态 @ http://localhost:5175/static/js/vendors-node_modules_katex_dist_katex_min_css-node_modules_lobehub_icons_es_index_js-node_mod-cc0141.js:340321
[  249688ms] [LOG] i18next::translator: missingKey zhCN translation 所有同步状态 所有同步状态 @ http://localhost:5175/static/js/vendors-node_modules_katex_dist_katex_min_css-node_modules_lobehub_icons_es_index_js-node_mod-cc0141.js:340321
[  249689ms] [LOG] i18next::translator: missingKey zhCN translation 官方同步 官方同步 @ http://localhost:5175/static/js/vendors-node_modules_katex_dist_katex_min_css-node_modules_lobehub_icons_es_index_js-node_mod-cc0141.js:340321
[  249689ms] [LOG] i18next::translator: missingKey zhCN translation 官方同步 官方同步 @ http://localhost:5175/static/js/vendors-node_modules_katex_dist_katex_min_css-node_modules_lobehub_icons_es_index_js-node_mod-cc0141.js:340321
[  249689ms] [LOG] i18next::translator: missingKey zhCN translation 不同步 不同步 @ http://localhost:5175/static/js/vendors-node_modules_katex_dist_katex_min_css-node_modules_lobehub_icons_es_index_js-node_mod-cc0141.js:340321
[  249689ms] [LOG] i18next::translator: missingKey zhCN translation 不同步 不同步 @ http://localhost:5175/static/js/vendors-node_modules_katex_dist_katex_min_css-node_modules_lobehub_icons_es_index_js-node_mod-cc0141.js:340321
[  249772ms] [LOG] i18next::translator: missingKey zhCN translation 所有状态 所有状态 @ http://localhost:5175/static/js/vendors-node_modules_katex_dist_katex_min_css-node_modules_lobehub_icons_es_index_js-node_mod-cc0141.js:340321
[  249773ms] [LOG] i18next::translator: missingKey zhCN translation 所有状态 所有状态 @ http://localhost:5175/static/js/vendors-node_modules_katex_dist_katex_min_css-node_modules_lobehub_icons_es_index_js-node_mod-cc0141.js:340321
[  249773ms] [LOG] i18next::translator: missingKey zhCN translation 已启用 已启用 @ http://localhost:5175/static/js/vendors-node_modules_katex_dist_katex_min_css-node_modules_lobehub_icons_es_index_js-node_mod-cc0141.js:340321
[  249773ms] [LOG] i18next::translator: missingKey zhCN translation 已启用 已启用 @ http://localhost:5175/static/js/vendors-node_modules_katex_dist_katex_min_css-node_modules_lobehub_icons_es_index_js-node_mod-cc0141.js:340321
[  249773ms] [LOG] i18next::translator: missingKey zhCN translation 已禁用 已禁用 @ http://localhost:5175/static/js/vendors-node_modules_katex_dist_katex_min_css-node_modules_lobehub_icons_es_index_js-node_mod-cc0141.js:340321
[  249773ms] [LOG] i18next::translator: missingKey zhCN translation 已禁用 已禁用 @ http://localhost:5175/static/js/vendors-node_modules_katex_dist_katex_min_css-node_modules_lobehub_icons_es_index_js-node_mod-cc0141.js:340321
[  249773ms] [LOG] i18next::translator: missingKey zhCN translation 所有状态 所有状态 @ http://localhost:5175/static/js/vendors-node_modules_katex_dist_katex_min_css-node_modules_lobehub_icons_es_index_js-node_mod-cc0141.js:340321
[  249773ms] [LOG] i18next::translator: missingKey zhCN translation 所有状态 所有状态 @ http://localhost:5175/static/js/vendors-node_modules_katex_dist_katex_min_css-node_modules_lobehub_icons_es_index_js-node_mod-cc0141.js:340321
[  249774ms] [LOG] i18next::translator: missingKey zhCN translation 已启用 已启用 @ http://localhost:5175/static/js/vendors-node_modules_katex_dist_katex_min_css-node_modules_lobehub_icons_es_index_js-node_mod-cc0141.js:340321
[  249774ms] [LOG] i18next::translator: missingKey zhCN translation 已启用 已启用 @ http://localhost:5175/static/js/vendors-node_modules_katex_dist_katex_min_css-node_modules_lobehub_icons_es_index_js-node_mod-cc0141.js:340321
[  249774ms] [LOG] i18next::translator: missingKey zhCN translation 已禁用 已禁用 @ http://localhost:5175/static/js/vendors-node_modules_katex_dist_katex_min_css-node_modules_lobehub_icons_es_index_js-node_mod-cc0141.js:340321
[  249774ms] [LOG] i18next::translator: missingKey zhCN translation 已禁用 已禁用 @ http://localhost:5175/static/js/vendors-node_modules_katex_dist_katex_min_css-node_modules_lobehub_icons_es_index_js-node_mod-cc0141.js:340321
[  249775ms] [LOG] i18next::translator: missingKey zhCN translation 所有供应商 所有供应商 @ http://localhost:5175/static/js/vendors-node_modules_katex_dist_katex_min_css-node_modules_lobehub_icons_es_index_js-node_mod-cc0141.js:340321
[  249775ms] [LOG] i18next::translator: missingKey zhCN translation 所有供应商 所有供应商 @ http://localhost:5175/static/js/vendors-node_modules_katex_dist_katex_min_css-node_modules_lobehub_icons_es_index_js-node_mod-cc0141.js:340321
[  249775ms] [LOG] i18next::translator: missingKey zhCN translation 所有供应商 所有供应商 @ http://localhost:5175/static/js/vendors-node_modules_katex_dist_katex_min_css-node_modules_lobehub_icons_es_index_js-node_mod-cc0141.js:340321
[  249775ms] [LOG] i18next::translator: missingKey zhCN translation 所有供应商 所有供应商 @ http://localhost:5175/static/js/vendors-node_modules_katex_dist_katex_min_css-node_modules_lobehub_icons_es_index_js-node_mod-cc0141.js:340321
[  249777ms] [LOG] i18next::translator: missingKey zhCN translation 所有同步状态 所有同步状态 @ http://localhost:5175/static/js/vendors-node_modules_katex_dist_katex_min_css-node_modules_lobehub_icons_es_index_js-node_mod-cc0141.js:340321
[  249777ms] [LOG] i18next::translator: missingKey zhCN translation 所有同步状态 所有同步状态 @ http://localhost:5175/static/js/vendors-node_modules_katex_dist_katex_min_css-node_modules_lobehub_icons_es_index_js-node_mod-cc0141.js:340321
[  249777ms] [LOG] i18next::translator: missingKey zhCN translation 官方同步 官方同步 @ http://localhost:5175/static/js/vendors-node_modules_katex_dist_katex_min_css-node_modules_lobehub_icons_es_index_js-node_mod-cc0141.js:340321
[  249777ms] [LOG] i18next::translator: missingKey zhCN translation 官方同步 官方同步 @ http://localhost:5175/static/js/vendors-node_modules_katex_dist_katex_min_css-node_modules_lobehub_icons_es_index_js-node_mod-cc0141.js:340321
[  249777ms] [LOG] i18next::translator: missingKey zhCN translation 不同步 不同步 @ http://localhost:5175/static/js/vendors-node_modules_katex_dist_katex_min_css-node_modules_lobehub_icons_es_index_js-node_mod-cc0141.js:340321
[  249777ms] [LOG] i18next::translator: missingKey zhCN translation 不同步 不同步 @ http://localhost:5175/static/js/vendors-node_modules_katex_dist_katex_min_css-node_modules_lobehub_icons_es_index_js-node_mod-cc0141.js:340321
[  249778ms] [LOG] i18next::translator: missingKey zhCN translation 所有同步状态 所有同步状态 @ http://localhost:5175/static/js/vendors-node_modules_katex_dist_katex_min_css-node_modules_lobehub_icons_es_index_js-node_mod-cc0141.js:340321
[  249778ms] [LOG] i18next::translator: missingKey zhCN translation 所有同步状态 所有同步状态 @ http://localhost:5175/static/js/vendors-node_modules_katex_dist_katex_min_css-node_modules_lobehub_icons_es_index_js-node_mod-cc0141.js:340321
[  249778ms] [LOG] i18next::translator: missingKey zhCN translation 官方同步 官方同步 @ http://localhost:5175/static/js/vendors-node_modules_katex_dist_katex_min_css-node_modules_lobehub_icons_es_index_js-node_mod-cc0141.js:340321
[  249778ms] [LOG] i18next::translator: missingKey zhCN translation 官方同步 官方同步 @ http://localhost:5175/static/js/vendors-node_modules_katex_dist_katex_min_css-node_modules_lobehub_icons_es_index_js-node_mod-cc0141.js:340321
[  249778ms] [LOG] i18next::translator: missingKey zhCN translation 不同步 不同步 @ http://localhost:5175/static/js/vendors-node_modules_katex_dist_katex_min_css-node_modules_lobehub_icons_es_index_js-node_mod-cc0141.js:340321
[  249778ms] [LOG] i18next::translator: missingKey zhCN translation 不同步 不同步 @ http://localhost:5175/static/js/vendors-node_modules_katex_dist_katex_min_css-node_modules_lobehub_icons_es_index_js-node_mod-cc0141.js:340321
[  249885ms] [INFO] [rsbuild] WebSocket connected. @ http://localhost:5175/static/js/vendors-node_modules_katex_dist_katex_min_css-node_modules_lobehub_icons_es_index_js-node_mod-cc0141.js:272395
[  249889ms] [LOG] i18next::translator: missingKey zhCN translation 所有状态 所有状态 @ http://localhost:5175/static/js/vendors-node_modules_katex_dist_katex_min_css-node_modules_lobehub_icons_es_index_js-node_mod-cc0141.js:340321
[  249889ms] [LOG] i18next::translator: missingKey zhCN translation 所有状态 所有状态 @ http://localhost:5175/static/js/vendors-node_modules_katex_dist_katex_min_css-node_modules_lobehub_icons_es_index_js-node_mod-cc0141.js:340321
[  249889ms] [LOG] i18next::translator: missingKey zhCN translation 已启用 已启用 @ http://localhost:5175/static/js/vendors-node_modules_katex_dist_katex_min_css-node_modules_lobehub_icons_es_index_js-node_mod-cc0141.js:340321
[  249889ms] [LOG] i18next::translator: missingKey zhCN translation 已启用 已启用 @ http://localhost:5175/static/js/vendors-node_modules_katex_dist_katex_min_css-node_modules_lobehub_icons_es_index_js-node_mod-cc0141.js:340321
[  249890ms] [LOG] i18next::translator: missingKey zhCN translation 已禁用 已禁用 @ http://localhost:5175/static/js/vendors-node_modules_katex_dist_katex_min_css-node_modules_lobehub_icons_es_index_js-node_mod-cc0141.js:340321
[  249890ms] [LOG] i18next::translator: missingKey zhCN translation 已禁用 已禁用 @ http://localhost:5175/static/js/vendors-node_modules_katex_dist_katex_min_css-node_modules_lobehub_icons_es_index_js-node_mod-cc0141.js:340321
[  249890ms] [LOG] i18next::translator: missingKey zhCN translation 所有状态 所有状态 @ http://localhost:5175/static/js/vendors-node_modules_katex_dist_katex_min_css-node_modules_lobehub_icons_es_index_js-node_mod-cc0141.js:340321
[  249890ms] [LOG] i18next::translator: missingKey zhCN translation 所有状态 所有状态 @ http://localhost:5175/static/js/vendors-node_modules_katex_dist_katex_min_css-node_modules_lobehub_icons_es_index_js-node_mod-cc0141.js:340321
[  249891ms] [LOG] i18next::translator: missingKey zhCN translation 已启用 已启用 @ http://localhost:5175/static/js/vendors-node_modules_katex_dist_katex_min_css-node_modules_lobehub_icons_es_index_js-node_mod-cc0141.js:340321
[  249891ms] [LOG] i18next::translator: missingKey zhCN translation 已启用 已启用 @ http://localhost:5175/static/js/vendors-node_modules_katex_dist_katex_min_css-node_modules_lobehub_icons_es_index_js-node_mod-cc0141.js:340321
[  249891ms] [LOG] i18next::translator: missingKey zhCN translation 已禁用 已禁用 @ http://localhost:5175/static/js/vendors-node_modules_katex_dist_katex_min_css-node_modules_lobehub_icons_es_index_js-node_mod-cc0141.js:340321
[  249891ms] [LOG] i18next::translator: missingKey zhCN translation 已禁用 已禁用 @ http://localhost:5175/static/js/vendors-node_modules_katex_dist_katex_min_css-node_modules_lobehub_icons_es_index_js-node_mod-cc0141.js:340321
[  249894ms] [LOG] i18next::translator: missingKey zhCN translation 所有供应商 所有供应商 @ http://localhost:5175/static/js/vendors-node_modules_katex_dist_katex_min_css-node_modules_lobehub_icons_es_index_js-node_mod-cc0141.js:340321
[  249894ms] [LOG] i18next::translator: missingKey zhCN translation 所有供应商 所有供应商 @ http://localhost:5175/static/js/vendors-node_modules_katex_dist_katex_min_css-node_modules_lobehub_icons_es_index_js-node_mod-cc0141.js:340321
[  249895ms] [LOG] i18next::translator: missingKey zhCN translation 所有供应商 所有供应商 @ http://localhost:5175/static/js/vendors-node_modules_katex_dist_katex_min_css-node_modules_lobehub_icons_es_index_js-node_mod-cc0141.js:340321
[  249895ms] [LOG] i18next::translator: missingKey zhCN translation 所有供应商 所有供应商 @ http://localhost:5175/static/js/vendors-node_modules_katex_dist_katex_min_css-node_modules_lobehub_icons_es_index_js-node_mod-cc0141.js:340321
[  249898ms] [LOG] i18next::translator: missingKey zhCN translation 所有同步状态 所有同步状态 @ http://localhost:5175/static/js/vendors-node_modules_katex_dist_katex_min_css-node_modules_lobehub_icons_es_index_js-node_mod-cc0141.js:340321
[  249898ms] [LOG] i18next::translator: missingKey zhCN translation 所有同步状态 所有同步状态 @ http://localhost:5175/static/js/vendors-node_modules_katex_dist_katex_min_css-node_modules_lobehub_icons_es_index_js-node_mod-cc0141.js:340321
[  249898ms] [LOG] i18next::translator: missingKey zhCN translation 官方同步 官方同步 @ http://localhost:5175/static/js/vendors-node_modules_katex_dist_katex_min_css-node_modules_lobehub_icons_es_index_js-node_mod-cc0141.js:340321
[  249899ms] [LOG] i18next::translator: missingKey zhCN translation 官方同步 官方同步 @ http://localhost:5175/static/js/vendors-node_modules_katex_dist_katex_min_css-node_modules_lobehub_icons_es_index_js-node_mod-cc0141.js:340321
[  249899ms] [LOG] i18next::translator: missingKey zhCN translation 不同步 不同步 @ http://localhost:5175/static/js/vendors-node_modules_katex_dist_katex_min_css-node_modules_lobehub_icons_es_index_js-node_mod-cc0141.js:340321
[  249899ms] [LOG] i18next::translator: missingKey zhCN translation 不同步 不同步 @ http://localhost:5175/static/js/vendors-node_modules_katex_dist_katex_min_css-node_modules_lobehub_icons_es_index_js-node_mod-cc0141.js:340321
[  249900ms] [LOG] i18next::translator: missingKey zhCN translation 所有同步状态 所有同步状态 @ http://localhost:5175/static/js/vendors-node_modules_katex_dist_katex_min_css-node_modules_lobehub_icons_es_index_js-node_mod-cc0141.js:340321
[  249900ms] [LOG] i18next::translator: missingKey zhCN translation 所有同步状态 所有同步状态 @ http://localhost:5175/static/js/vendors-node_modules_katex_dist_katex_min_css-node_modules_lobehub_icons_es_index_js-node_mod-cc0141.js:340321
[  249900ms] [LOG] i18next::translator: missingKey zhCN translation 官方同步 官方同步 @ http://localhost:5175/static/js/vendors-node_modules_katex_dist_katex_min_css-node_modules_lobehub_icons_es_index_js-node_mod-cc0141.js:340321
[  249900ms] [LOG] i18next::translator: missingKey zhCN translation 官方同步 官方同步 @ http://localhost:5175/static/js/vendors-node_modules_katex_dist_katex_min_css-node_modules_lobehub_icons_es_index_js-node_mod-cc0141.js:340321
[  249900ms] [LOG] i18next::translator: missingKey zhCN translation 不同步 不同步 @ http://localhost:5175/static/js/vendors-node_modules_katex_dist_katex_min_css-node_modules_lobehub_icons_es_index_js-node_mod-cc0141.js:340321
[  249901ms] [LOG] i18next::translator: missingKey zhCN translation 不同步 不同步 @ http://localhost:5175/static/js/vendors-node_modules_katex_dist_katex_min_css-node_modules_lobehub_icons_es_index_js-node_mod-cc0141.js:340321
[  250895ms] [INFO] [rsbuild] WebSocket connecting... @ http://localhost:5175/static/js/vendors-node_modules_katex_dist_katex_min_css-node_modules_lobehub_icons_es_index_js-node_mod-cc0141.js:272395
[  250900ms] [INFO] %cDownload the React DevTools for a better development experience: https://react.dev/link/react-devtools font-weight:bold @ http://localhost:5175/static/js/lib-react.js:28005
[  250913ms] [LOG] i18next: languageChanged zhCN @ http://localhost:5175/static/js/vendors-node_modules_katex_dist_katex_min_css-node_modules_lobehub_icons_es_index_js-node_mod-cc0141.js:340321
[  250913ms] [LOG] i18next: initialized {debug: true, initAsync: true, ns: Array(1), defaultNS: Array(1), fallbackLng: Array(1)} @ http://localhost:5175/static/js/vendors-node_modules_katex_dist_katex_min_css-node_modules_lobehub_icons_es_index_js-node_mod-cc0141.js:340321
[  251118ms] [LOG] i18next::translator: missingKey zhCN translation 未使用 未使用 @ http://localhost:5175/static/js/vendors-node_modules_katex_dist_katex_min_css-node_modules_lobehub_icons_es_index_js-node_mod-cc0141.js:340321
[  251118ms] [LOG] i18next::translator: missingKey zhCN translation 未使用 未使用 @ http://localhost:5175/static/js/vendors-node_modules_katex_dist_katex_min_css-node_modules_lobehub_icons_es_index_js-node_mod-cc0141.js:340321
[  251119ms] [LOG] i18next::translator: missingKey zhCN translation 已禁用 已禁用 @ http://localhost:5175/static/js/vendors-node_modules_katex_dist_katex_min_css-node_modules_lobehub_icons_es_index_js-node_mod-cc0141.js:340321
[  251119ms] [LOG] i18next::translator: missingKey zhCN translation 已禁用 已禁用 @ http://localhost:5175/static/js/vendors-node_modules_katex_dist_katex_min_css-node_modules_lobehub_icons_es_index_js-node_mod-cc0141.js:340321
[  251119ms] [LOG] i18next::translator: missingKey zhCN translation 已使用 已使用 @ http://localhost:5175/static/js/vendors-node_modules_katex_dist_katex_min_css-node_modules_lobehub_icons_es_index_js-node_mod-cc0141.js:340321
[  251119ms] [LOG] i18next::translator: missingKey zhCN translation 已使用 已使用 @ http://localhost:5175/static/js/vendors-node_modules_katex_dist_katex_min_css-node_modules_lobehub_icons_es_index_js-node_mod-cc0141.js:340321
[  251119ms] [LOG] i18next::translator: missingKey zhCN translation 已过期 已过期 @ http://localhost:5175/static/js/vendors-node_modules_katex_dist_katex_min_css-node_modules_lobehub_icons_es_index_js-node_mod-cc0141.js:340321
[  251119ms] [LOG] i18next::translator: missingKey zhCN translation 已过期 已过期 @ http://localhost:5175/static/js/vendors-node_modules_katex_dist_katex_min_css-node_modules_lobehub_icons_es_index_js-node_mod-cc0141.js:340321
[  251119ms] [LOG] i18next::translator: missingKey zhCN translation 未使用 未使用 @ http://localhost:5175/static/js/vendors-node_modules_katex_dist_katex_min_css-node_modules_lobehub_icons_es_index_js-node_mod-cc0141.js:340321
[  251119ms] [LOG] i18next::translator: missingKey zhCN translation 未使用 未使用 @ http://localhost:5175/static/js/vendors-node_modules_katex_dist_katex_min_css-node_modules_lobehub_icons_es_index_js-node_mod-cc0141.js:340321
[  251120ms] [LOG] i18next::translator: missingKey zhCN translation 已禁用 已禁用 @ http://localhost:5175/static/js/vendors-node_modules_katex_dist_katex_min_css-node_modules_lobehub_icons_es_index_js-node_mod-cc0141.js:340321
[  251120ms] [LOG] i18next::translator: missingKey zhCN translation 已禁用 已禁用 @ http://localhost:5175/static/js/vendors-node_modules_katex_dist_katex_min_css-node_modules_lobehub_icons_es_index_js-node_mod-cc0141.js:340321
[  251120ms] [LOG] i18next::translator: missingKey zhCN translation 已使用 已使用 @ http://localhost:5175/static/js/vendors-node_modules_katex_dist_katex_min_css-node_modules_lobehub_icons_es_index_js-node_mod-cc0141.js:340321
[  251120ms] [LOG] i18next::translator: missingKey zhCN translation 已使用 已使用 @ http://localhost:5175/static/js/vendors-node_modules_katex_dist_katex_min_css-node_modules_lobehub_icons_es_index_js-node_mod-cc0141.js:340321
[  251120ms] [LOG] i18next::translator: missingKey zhCN translation 已过期 已过期 @ http://localhost:5175/static/js/vendors-node_modules_katex_dist_katex_min_css-node_modules_lobehub_icons_es_index_js-node_mod-cc0141.js:340321
[  251120ms] [LOG] i18next::translator: missingKey zhCN translation 已过期 已过期 @ http://localhost:5175/static/js/vendors-node_modules_katex_dist_katex_min_css-node_modules_lobehub_icons_es_index_js-node_mod-cc0141.js:340321
[  251170ms] [LOG] i18next::translator: missingKey zhCN translation 未使用 未使用 @ http://localhost:5175/static/js/vendors-node_modules_katex_dist_katex_min_css-node_modules_lobehub_icons_es_index_js-node_mod-cc0141.js:340321
[  251170ms] [LOG] i18next::translator: missingKey zhCN translation 未使用 未使用 @ http://localhost:5175/static/js/vendors-node_modules_katex_dist_katex_min_css-node_modules_lobehub_icons_es_index_js-node_mod-cc0141.js:340321
[  251171ms] [LOG] i18next::translator: missingKey zhCN translation 已禁用 已禁用 @ http://localhost:5175/static/js/vendors-node_modules_katex_dist_katex_min_css-node_modules_lobehub_icons_es_index_js-node_mod-cc0141.js:340321
[  251171ms] [LOG] i18next::translator: missingKey zhCN translation 已禁用 已禁用 @ http://localhost:5175/static/js/vendors-node_modules_katex_dist_katex_min_css-node_modules_lobehub_icons_es_index_js-node_mod-cc0141.js:340321
[  251171ms] [LOG] i18next::translator: missingKey zhCN translation 已使用 已使用 @ http://localhost:5175/static/js/vendors-node_modules_katex_dist_katex_min_css-node_modules_lobehub_icons_es_index_js-node_mod-cc0141.js:340321
[  251171ms] [LOG] i18next::translator: missingKey zhCN translation 已使用 已使用 @ http://localhost:5175/static/js/vendors-node_modules_katex_dist_katex_min_css-node_modules_lobehub_icons_es_index_js-node_mod-cc0141.js:340321
[  251171ms] [LOG] i18next::translator: missingKey zhCN translation 已过期 已过期 @ http://localhost:5175/static/js/vendors-node_modules_katex_dist_katex_min_css-node_modules_lobehub_icons_es_index_js-node_mod-cc0141.js:340321
[  251171ms] [LOG] i18next::translator: missingKey zhCN translation 已过期 已过期 @ http://localhost:5175/static/js/vendors-node_modules_katex_dist_katex_min_css-node_modules_lobehub_icons_es_index_js-node_mod-cc0141.js:340321
[  251172ms] [LOG] i18next::translator: missingKey zhCN translation 未使用 未使用 @ http://localhost:5175/static/js/vendors-node_modules_katex_dist_katex_min_css-node_modules_lobehub_icons_es_index_js-node_mod-cc0141.js:340321
[  251172ms] [LOG] i18next::translator: missingKey zhCN translation 未使用 未使用 @ http://localhost:5175/static/js/vendors-node_modules_katex_dist_katex_min_css-node_modules_lobehub_icons_es_index_js-node_mod-cc0141.js:340321
[  251172ms] [LOG] i18next::translator: missingKey zhCN translation 已禁用 已禁用 @ http://localhost:5175/static/js/vendors-node_modules_katex_dist_katex_min_css-node_modules_lobehub_icons_es_index_js-node_mod-cc0141.js:340321
[  251172ms] [LOG] i18next::translator: missingKey zhCN translation 已禁用 已禁用 @ http://localhost:5175/static/js/vendors-node_modules_katex_dist_katex_min_css-node_modules_lobehub_icons_es_index_js-node_mod-cc0141.js:340321
[  251173ms] [LOG] i18next::translator: missingKey zhCN translation 已使用 已使用 @ http://localhost:5175/static/js/vendors-node_modules_katex_dist_katex_min_css-node_modules_lobehub_icons_es_index_js-node_mod-cc0141.js:340321
[  251173ms] [LOG] i18next::translator: missingKey zhCN translation 已使用 已使用 @ http://localhost:5175/static/js/vendors-node_modules_katex_dist_katex_min_css-node_modules_lobehub_icons_es_index_js-node_mod-cc0141.js:340321
[  251173ms] [LOG] i18next::translator: missingKey zhCN translation 已过期 已过期 @ http://localhost:5175/static/js/vendors-node_modules_katex_dist_katex_min_css-node_modules_lobehub_icons_es_index_js-node_mod-cc0141.js:340321
[  251173ms] [LOG] i18next::translator: missingKey zhCN translation 已过期 已过期 @ http://localhost:5175/static/js/vendors-node_modules_katex_dist_katex_min_css-node_modules_lobehub_icons_es_index_js-node_mod-cc0141.js:340321
[  251265ms] [INFO] [rsbuild] WebSocket connected. @ http://localhost:5175/static/js/vendors-node_modules_katex_dist_katex_min_css-node_modules_lobehub_icons_es_index_js-node_mod-cc0141.js:272395
[  251268ms] [LOG] i18next::translator: missingKey zhCN translation 未使用 未使用 @ http://localhost:5175/static/js/vendors-node_modules_katex_dist_katex_min_css-node_modules_lobehub_icons_es_index_js-node_mod-cc0141.js:340321
[  251268ms] [LOG] i18next::translator: missingKey zhCN translation 未使用 未使用 @ http://localhost:5175/static/js/vendors-node_modules_katex_dist_katex_min_css-node_modules_lobehub_icons_es_index_js-node_mod-cc0141.js:340321
[  251268ms] [LOG] i18next::translator: missingKey zhCN translation 已禁用 已禁用 @ http://localhost:5175/static/js/vendors-node_modules_katex_dist_katex_min_css-node_modules_lobehub_icons_es_index_js-node_mod-cc0141.js:340321
[  251268ms] [LOG] i18next::translator: missingKey zhCN translation 已禁用 已禁用 @ http://localhost:5175/static/js/vendors-node_modules_katex_dist_katex_min_css-node_modules_lobehub_icons_es_index_js-node_mod-cc0141.js:340321
[  251269ms] [LOG] i18next::translator: missingKey zhCN translation 已使用 已使用 @ http://localhost:5175/static/js/vendors-node_modules_katex_dist_katex_min_css-node_modules_lobehub_icons_es_index_js-node_mod-cc0141.js:340321
[  251269ms] [LOG] i18next::translator: missingKey zhCN translation 已使用 已使用 @ http://localhost:5175/static/js/vendors-node_modules_katex_dist_katex_min_css-node_modules_lobehub_icons_es_index_js-node_mod-cc0141.js:340321
[  251269ms] [LOG] i18next::translator: missingKey zhCN translation 已过期 已过期 @ http://localhost:5175/static/js/vendors-node_modules_katex_dist_katex_min_css-node_modules_lobehub_icons_es_index_js-node_mod-cc0141.js:340321
[  251269ms] [LOG] i18next::translator: missingKey zhCN translation 已过期 已过期 @ http://localhost:5175/static/js/vendors-node_modules_katex_dist_katex_min_css-node_modules_lobehub_icons_es_index_js-node_mod-cc0141.js:340321
[  251270ms] [LOG] i18next::translator: missingKey zhCN translation 未使用 未使用 @ http://localhost:5175/static/js/vendors-node_modules_katex_dist_katex_min_css-node_modules_lobehub_icons_es_index_js-node_mod-cc0141.js:340321
[  251270ms] [LOG] i18next::translator: missingKey zhCN translation 未使用 未使用 @ http://localhost:5175/static/js/vendors-node_modules_katex_dist_katex_min_css-node_modules_lobehub_icons_es_index_js-node_mod-cc0141.js:340321
[  251270ms] [LOG] i18next::translator: missingKey zhCN translation 已禁用 已禁用 @ http://localhost:5175/static/js/vendors-node_modules_katex_dist_katex_min_css-node_modules_lobehub_icons_es_index_js-node_mod-cc0141.js:340321
[  251270ms] [LOG] i18next::translator: missingKey zhCN translation 已禁用 已禁用 @ http://localhost:5175/static/js/vendors-node_modules_katex_dist_katex_min_css-node_modules_lobehub_icons_es_index_js-node_mod-cc0141.js:340321
[  251270ms] [LOG] i18next::translator: missingKey zhCN translation 已使用 已使用 @ http://localhost:5175/static/js/vendors-node_modules_katex_dist_katex_min_css-node_modules_lobehub_icons_es_index_js-node_mod-cc0141.js:340321
[  251270ms] [LOG] i18next::translator: missingKey zhCN translation 已使用 已使用 @ http://localhost:5175/static/js/vendors-node_modules_katex_dist_katex_min_css-node_modules_lobehub_icons_es_index_js-node_mod-cc0141.js:340321
[  251271ms] [LOG] i18next::translator: missingKey zhCN translation 已过期 已过期 @ http://localhost:5175/static/js/vendors-node_modules_katex_dist_katex_min_css-node_modules_lobehub_icons_es_index_js-node_mod-cc0141.js:340321
[  251271ms] [LOG] i18next::translator: missingKey zhCN translation 已过期 已过期 @ http://localhost:5175/static/js/vendors-node_modules_katex_dist_katex_min_css-node_modules_lobehub_icons_es_index_js-node_mod-cc0141.js:340321
[  252272ms] [INFO] [rsbuild] WebSocket connecting... @ http://localhost:5175/static/js/vendors-node_modules_katex_dist_katex_min_css-node_modules_lobehub_icons_es_index_js-node_mod-cc0141.js:272395
[  252276ms] [INFO] %cDownload the React DevTools for a better development experience: https://react.dev/link/react-devtools font-weight:bold @ http://localhost:5175/static/js/lib-react.js:28005
[  252294ms] [LOG] i18next: languageChanged zhCN @ http://localhost:5175/static/js/vendors-node_modules_katex_dist_katex_min_css-node_modules_lobehub_icons_es_index_js-node_mod-cc0141.js:340321
[  252294ms] [LOG] i18next: initialized {debug: true, initAsync: true, ns: Array(1), defaultNS: Array(1), fallbackLng: Array(1)} @ http://localhost:5175/static/js/vendors-node_modules_katex_dist_katex_min_css-node_modules_lobehub_icons_es_index_js-node_mod-cc0141.js:340321
[  252654ms] [INFO] [rsbuild] WebSocket connected. @ http://localhost:5175/static/js/vendors-node_modules_katex_dist_katex_min_css-node_modules_lobehub_icons_es_index_js-node_mod-cc0141.js:272395
[  253723ms] [INFO] [rsbuild] WebSocket connecting... @ http://localhost:5175/static/js/vendors-node_modules_katex_dist_katex_min_css-node_modules_lobehub_icons_es_index_js-node_mod-cc0141.js:272395
[  253727ms] [INFO] %cDownload the React DevTools for a better development experience: https://react.dev/link/react-devtools font-weight:bold @ http://localhost:5175/static/js/lib-react.js:28005
[  253739ms] [LOG] i18next: languageChanged zhCN @ http://localhost:5175/static/js/vendors-node_modules_katex_dist_katex_min_css-node_modules_lobehub_icons_es_index_js-node_mod-cc0141.js:340321
[  253739ms] [LOG] i18next: initialized {debug: true, initAsync: true, ns: Array(1), defaultNS: Array(1), fallbackLng: Array(1)} @ http://localhost:5175/static/js/vendors-node_modules_katex_dist_katex_min_css-node_modules_lobehub_icons_es_index_js-node_mod-cc0141.js:340321
[  254112ms] [INFO] [rsbuild] WebSocket connected. @ http://localhost:5175/static/js/vendors-node_modules_katex_dist_katex_min_css-node_modules_lobehub_icons_es_index_js-node_mod-cc0141.js:272395
[  255045ms] [INFO] [rsbuild] WebSocket connecting... @ http://localhost:5175/static/js/vendors-node_modules_katex_dist_katex_min_css-node_modules_lobehub_icons_es_index_js-node_mod-cc0141.js:272395
[  255049ms] [INFO] %cDownload the React DevTools for a better development experience: https://react.dev/link/react-devtools font-weight:bold @ http://localhost:5175/static/js/lib-react.js:28005
[  255062ms] [LOG] i18next: languageChanged zhCN @ http://localhost:5175/static/js/vendors-node_modules_katex_dist_katex_min_css-node_modules_lobehub_icons_es_index_js-node_mod-cc0141.js:340321
[  255062ms] [LOG] i18next: initialized {debug: true, initAsync: true, ns: Array(1), defaultNS: Array(1), fallbackLng: Array(1)} @ http://localhost:5175/static/js/vendors-node_modules_katex_dist_katex_min_css-node_modules_lobehub_icons_es_index_js-node_mod-cc0141.js:340321
[  255367ms] [INFO] [rsbuild] WebSocket connected. @ http://localhost:5175/static/js/vendors-node_modules_katex_dist_katex_min_css-node_modules_lobehub_icons_es_index_js-node_mod-cc0141.js:272395
[  256392ms] [INFO] [rsbuild] WebSocket connecting... @ http://localhost:5175/static/js/vendors-node_modules_katex_dist_katex_min_css-node_modules_lobehub_icons_es_index_js-node_mod-cc0141.js:272395
[  256398ms] [INFO] %cDownload the React DevTools for a better development experience: https://react.dev/link/react-devtools font-weight:bold @ http://localhost:5175/static/js/lib-react.js:28005
[  256413ms] [LOG] i18next: languageChanged zhCN @ http://localhost:5175/static/js/vendors-node_modules_katex_dist_katex_min_css-node_modules_lobehub_icons_es_index_js-node_mod-cc0141.js:340321
[  256414ms] [LOG] i18next: initialized {debug: true, initAsync: true, ns: Array(1), defaultNS: Array(1), fallbackLng: Array(1)} @ http://localhost:5175/static/js/vendors-node_modules_katex_dist_katex_min_css-node_modules_lobehub_icons_es_index_js-node_mod-cc0141.js:340321
[  256773ms] [INFO] [rsbuild] WebSocket connected. @ http://localhost:5175/static/js/vendors-node_modules_katex_dist_katex_min_css-node_modules_lobehub_icons_es_index_js-node_mod-cc0141.js:272395
[  257829ms] [INFO] [rsbuild] WebSocket connecting... @ http://localhost:5175/static/js/vendors-node_modules_katex_dist_katex_min_css-node_modules_lobehub_icons_es_index_js-node_mod-cc0141.js:272395
[  257833ms] [INFO] %cDownload the React DevTools for a better development experience: https://react.dev/link/react-devtools font-weight:bold @ http://localhost:5175/static/js/lib-react.js:28005
[  257849ms] [LOG] i18next: languageChanged zhCN @ http://localhost:5175/static/js/vendors-node_modules_katex_dist_katex_min_css-node_modules_lobehub_icons_es_index_js-node_mod-cc0141.js:340321
[  257849ms] [LOG] i18next: initialized {debug: true, initAsync: true, ns: Array(1), defaultNS: Array(1), fallbackLng: Array(1)} @ http://localhost:5175/static/js/vendors-node_modules_katex_dist_katex_min_css-node_modules_lobehub_icons_es_index_js-node_mod-cc0141.js:340321
[  258188ms] [INFO] [rsbuild] WebSocket connected. @ http://localhost:5175/static/js/vendors-node_modules_katex_dist_katex_min_css-node_modules_lobehub_icons_es_index_js-node_mod-cc0141.js:272395
[  259493ms] [INFO] [rsbuild] WebSocket connecting... @ http://localhost:5175/static/js/vendors-node_modules_katex_dist_katex_min_css-node_modules_lobehub_icons_es_index_js-node_mod-cc0141.js:272395
[  259499ms] [INFO] %cDownload the React DevTools for a better development experience: https://react.dev/link/react-devtools font-weight:bold @ http://localhost:5175/static/js/lib-react.js:28005
[  259521ms] [LOG] i18next: languageChanged zhCN @ http://localhost:5175/static/js/vendors-node_modules_katex_dist_katex_min_css-node_modules_lobehub_icons_es_index_js-node_mod-cc0141.js:340321
[  259521ms] [LOG] i18next: initialized {debug: true, initAsync: true, ns: Array(1), defaultNS: Array(1), fallbackLng: Array(1)} @ http://localhost:5175/static/js/vendors-node_modules_katex_dist_katex_min_css-node_modules_lobehub_icons_es_index_js-node_mod-cc0141.js:340321
[  259908ms] [INFO] [rsbuild] WebSocket connected. @ http://localhost:5175/static/js/vendors-node_modules_katex_dist_katex_min_css-node_modules_lobehub_icons_es_index_js-node_mod-cc0141.js:272395
[  260922ms] [INFO] [rsbuild] WebSocket connecting... @ http://localhost:5175/static/js/vendors-node_modules_katex_dist_katex_min_css-node_modules_lobehub_icons_es_index_js-node_mod-cc0141.js:272395
[  260925ms] [INFO] %cDownload the React DevTools for a better development experience: https://react.dev/link/react-devtools font-weight:bold @ http://localhost:5175/static/js/lib-react.js:28005
[  260937ms] [LOG] i18next: languageChanged zhCN @ http://localhost:5175/static/js/vendors-node_modules_katex_dist_katex_min_css-node_modules_lobehub_icons_es_index_js-node_mod-cc0141.js:340321
[  260937ms] [LOG] i18next: initialized {debug: true, initAsync: true, ns: Array(1), defaultNS: Array(1), fallbackLng: Array(1)} @ http://localhost:5175/static/js/vendors-node_modules_katex_dist_katex_min_css-node_modules_lobehub_icons_es_index_js-node_mod-cc0141.js:340321
[  261308ms] [INFO] [rsbuild] WebSocket connected. @ http://localhost:5175/static/js/vendors-node_modules_katex_dist_katex_min_css-node_modules_lobehub_icons_es_index_js-node_mod-cc0141.js:272395
[  262409ms] [INFO] [rsbuild] WebSocket connecting... @ http://localhost:5175/static/js/vendors-node_modules_katex_dist_katex_min_css-node_modules_lobehub_icons_es_index_js-node_mod-cc0141.js:272395
[  262413ms] [INFO] %cDownload the React DevTools for a better development experience: https://react.dev/link/react-devtools font-weight:bold @ http://localhost:5175/static/js/lib-react.js:28005
[  262440ms] [LOG] i18next: languageChanged zhCN @ http://localhost:5175/static/js/vendors-node_modules_katex_dist_katex_min_css-node_modules_lobehub_icons_es_index_js-node_mod-cc0141.js:340321
[  262440ms] [LOG] i18next: initialized {debug: true, initAsync: true, ns: Array(1), defaultNS: Array(1), fallbackLng: Array(1)} @ http://localhost:5175/static/js/vendors-node_modules_katex_dist_katex_min_css-node_modules_lobehub_icons_es_index_js-node_mod-cc0141.js:340321
[  262829ms] [INFO] [rsbuild] WebSocket connected. @ http://localhost:5175/static/js/vendors-node_modules_katex_dist_katex_min_css-node_modules_lobehub_icons_es_index_js-node_mod-cc0141.js:272395
[  263844ms] [INFO] [rsbuild] WebSocket connecting... @ http://localhost:5175/static/js/vendors-node_modules_katex_dist_katex_min_css-node_modules_lobehub_icons_es_index_js-node_mod-cc0141.js:272395
[  263849ms] [INFO] %cDownload the React DevTools for a better development experience: https://react.dev/link/react-devtools font-weight:bold @ http://localhost:5175/static/js/lib-react.js:28005
[  263866ms] [LOG] i18next: languageChanged zhCN @ http://localhost:5175/static/js/vendors-node_modules_katex_dist_katex_min_css-node_modules_lobehub_icons_es_index_js-node_mod-cc0141.js:340321
[  263866ms] [LOG] i18next: initialized {debug: true, initAsync: true, ns: Array(1), defaultNS: Array(1), fallbackLng: Array(1)} @ http://localhost:5175/static/js/vendors-node_modules_katex_dist_katex_min_css-node_modules_lobehub_icons_es_index_js-node_mod-cc0141.js:340321
[  264339ms] [INFO] [rsbuild] WebSocket connected. @ http://localhost:5175/static/js/vendors-node_modules_katex_dist_katex_min_css-node_modules_lobehub_icons_es_index_js-node_mod-cc0141.js:272395
[  265465ms] [INFO] [rsbuild] WebSocket connecting... @ http://localhost:5175/static/js/vendors-node_modules_katex_dist_katex_min_css-node_modules_lobehub_icons_es_index_js-node_mod-cc0141.js:272395
[  265470ms] [INFO] %cDownload the React DevTools for a better development experience: https://react.dev/link/react-devtools font-weight:bold @ http://localhost:5175/static/js/lib-react.js:28005
[  265485ms] [LOG] i18next: languageChanged zhCN @ http://localhost:5175/static/js/vendors-node_modules_katex_dist_katex_min_css-node_modules_lobehub_icons_es_index_js-node_mod-cc0141.js:340321
[  265485ms] [LOG] i18next: initialized {debug: true, initAsync: true, ns: Array(1), defaultNS: Array(1), fallbackLng: Array(1)} @ http://localhost:5175/static/js/vendors-node_modules_katex_dist_katex_min_css-node_modules_lobehub_icons_es_index_js-node_mod-cc0141.js:340321
[  265849ms] [INFO] [rsbuild] WebSocket connected. @ http://localhost:5175/static/js/vendors-node_modules_katex_dist_katex_min_css-node_modules_lobehub_icons_es_index_js-node_mod-cc0141.js:272395
[  266922ms] [INFO] [rsbuild] WebSocket connecting... @ http://localhost:5175/static/js/vendors-node_modules_katex_dist_katex_min_css-node_modules_lobehub_icons_es_index_js-node_mod-cc0141.js:272395
[  266925ms] [INFO] %cDownload the React DevTools for a better development experience: https://react.dev/link/react-devtools font-weight:bold @ http://localhost:5175/static/js/lib-react.js:28005
[  266936ms] [LOG] i18next: languageChanged zhCN @ http://localhost:5175/static/js/vendors-node_modules_katex_dist_katex_min_css-node_modules_lobehub_icons_es_index_js-node_mod-cc0141.js:340321
[  266936ms] [LOG] i18next: initialized {debug: true, initAsync: true, ns: Array(1), defaultNS: Array(1), fallbackLng: Array(1)} @ http://localhost:5175/static/js/vendors-node_modules_katex_dist_katex_min_css-node_modules_lobehub_icons_es_index_js-node_mod-cc0141.js:340321
[  267247ms] [INFO] [rsbuild] WebSocket connected. @ http://localhost:5175/static/js/vendors-node_modules_katex_dist_katex_min_css-node_modules_lobehub_icons_es_index_js-node_mod-cc0141.js:272395
[  268313ms] [INFO] [rsbuild] WebSocket connecting... @ http://localhost:5175/static/js/vendors-node_modules_katex_dist_katex_min_css-node_modules_lobehub_icons_es_index_js-node_mod-cc0141.js:272395
[  268317ms] [INFO] %cDownload the React DevTools for a better development experience: https://react.dev/link/react-devtools font-weight:bold @ http://localhost:5175/static/js/lib-react.js:28005
[  268337ms] [LOG] i18next: languageChanged zhCN @ http://localhost:5175/static/js/vendors-node_modules_katex_dist_katex_min_css-node_modules_lobehub_icons_es_index_js-node_mod-cc0141.js:340321
[  268337ms] [LOG] i18next: initialized {debug: true, initAsync: true, ns: Array(1), defaultNS: Array(1), fallbackLng: Array(1)} @ http://localhost:5175/static/js/vendors-node_modules_katex_dist_katex_min_css-node_modules_lobehub_icons_es_index_js-node_mod-cc0141.js:340321
[  268560ms] [LOG] i18next::translator: missingKey zhCN translation 噜噜岛 噜噜岛 @ http://localhost:5175/static/js/vendors-node_modules_katex_dist_katex_min_css-node_modules_lobehub_icons_es_index_js-node_mod-cc0141.js:340321
[  268561ms] [LOG] i18next::translator: missingKey zhCN translation 噜噜小屋 噜噜小屋 @ http://localhost:5175/static/js/vendors-node_modules_katex_dist_katex_min_css-node_modules_lobehub_icons_es_index_js-node_mod-cc0141.js:340321
[  268561ms] [LOG] i18next::translator: missingKey zhCN translation 伙伴乐园 伙伴乐园 @ http://localhost:5175/static/js/vendors-node_modules_katex_dist_katex_min_css-node_modules_lobehub_icons_es_index_js-node_mod-cc0141.js:340321
[  268561ms] [LOG] i18next::translator: missingKey zhCN translation 排行榜 排行榜 @ http://localhost:5175/static/js/vendors-node_modules_katex_dist_katex_min_css-node_modules_lobehub_icons_es_index_js-node_mod-cc0141.js:340321
[  268561ms] [LOG] i18next::translator: missingKey zhCN translation 文档 文档 @ http://localhost:5175/static/js/vendors-node_modules_katex_dist_katex_min_css-node_modules_lobehub_icons_es_index_js-node_mod-cc0141.js:340321
[  268561ms] [LOG] i18next::translator: missingKey zhCN translation 关于噜噜 关于噜噜 @ http://localhost:5175/static/js/vendors-node_modules_katex_dist_katex_min_css-node_modules_lobehub_icons_es_index_js-node_mod-cc0141.js:340321
[  268562ms] [LOG] i18next::translator: missingKey zhCN translation 噜噜岛 噜噜岛 @ http://localhost:5175/static/js/vendors-node_modules_katex_dist_katex_min_css-node_modules_lobehub_icons_es_index_js-node_mod-cc0141.js:340321
[  268562ms] [LOG] i18next::translator: missingKey zhCN translation 噜噜小屋 噜噜小屋 @ http://localhost:5175/static/js/vendors-node_modules_katex_dist_katex_min_css-node_modules_lobehub_icons_es_index_js-node_mod-cc0141.js:340321
[  268562ms] [LOG] i18next::translator: missingKey zhCN translation 伙伴乐园 伙伴乐园 @ http://localhost:5175/static/js/vendors-node_modules_katex_dist_katex_min_css-node_modules_lobehub_icons_es_index_js-node_mod-cc0141.js:340321
[  268562ms] [LOG] i18next::translator: missingKey zhCN translation 排行榜 排行榜 @ http://localhost:5175/static/js/vendors-node_modules_katex_dist_katex_min_css-node_modules_lobehub_icons_es_index_js-node_mod-cc0141.js:340321
[  268562ms] [LOG] i18next::translator: missingKey zhCN translation 文档 文档 @ http://localhost:5175/static/js/vendors-node_modules_katex_dist_katex_min_css-node_modules_lobehub_icons_es_index_js-node_mod-cc0141.js:340321
[  268562ms] [LOG] i18next::translator: missingKey zhCN translation 关于噜噜 关于噜噜 @ http://localhost:5175/static/js/vendors-node_modules_katex_dist_katex_min_css-node_modules_lobehub_icons_es_index_js-node_mod-cc0141.js:340321
[  268564ms] [LOG] i18next::translator: missingKey zhCN translation 噜噜岛 噜噜岛 @ http://localhost:5175/static/js/vendors-node_modules_katex_dist_katex_min_css-node_modules_lobehub_icons_es_index_js-node_mod-cc0141.js:340321
[  268564ms] [LOG] i18next::translator: missingKey zhCN translation 噜噜小屋 噜噜小屋 @ http://localhost:5175/static/js/vendors-node_modules_katex_dist_katex_min_css-node_modules_lobehub_icons_es_index_js-node_mod-cc0141.js:340321
[  268564ms] [LOG] i18next::translator: missingKey zhCN translation 伙伴乐园 伙伴乐园 @ http://localhost:5175/static/js/vendors-node_modules_katex_dist_katex_min_css-node_modules_lobehub_icons_es_index_js-node_mod-cc0141.js:340321
[  268565ms] [LOG] i18next::translator: missingKey zhCN translation 排行榜 排行榜 @ http://localhost:5175/static/js/vendors-node_modules_katex_dist_katex_min_css-node_modules_lobehub_icons_es_index_js-node_mod-cc0141.js:340321
[  268565ms] [LOG] i18next::translator: missingKey zhCN translation 文档 文档 @ http://localhost:5175/static/js/vendors-node_modules_katex_dist_katex_min_css-node_modules_lobehub_icons_es_index_js-node_mod-cc0141.js:340321
[  268565ms] [LOG] i18next::translator: missingKey zhCN translation 关于噜噜 关于噜噜 @ http://localhost:5175/static/js/vendors-node_modules_katex_dist_katex_min_css-node_modules_lobehub_icons_es_index_js-node_mod-cc0141.js:340321
[  268566ms] [LOG] i18next::translator: missingKey zhCN translation 噜噜岛 噜噜岛 @ http://localhost:5175/static/js/vendors-node_modules_katex_dist_katex_min_css-node_modules_lobehub_icons_es_index_js-node_mod-cc0141.js:340321
[  268566ms] [LOG] i18next::translator: missingKey zhCN translation 噜噜小屋 噜噜小屋 @ http://localhost:5175/static/js/vendors-node_modules_katex_dist_katex_min_css-node_modules_lobehub_icons_es_index_js-node_mod-cc0141.js:340321
[  268567ms] [LOG] i18next::translator: missingKey zhCN translation 伙伴乐园 伙伴乐园 @ http://localhost:5175/static/js/vendors-node_modules_katex_dist_katex_min_css-node_modules_lobehub_icons_es_index_js-node_mod-cc0141.js:340321
[  268567ms] [LOG] i18next::translator: missingKey zhCN translation 排行榜 排行榜 @ http://localhost:5175/static/js/vendors-node_modules_katex_dist_katex_min_css-node_modules_lobehub_icons_es_index_js-node_mod-cc0141.js:340321
[  268567ms] [LOG] i18next::translator: missingKey zhCN translation 文档 文档 @ http://localhost:5175/static/js/vendors-node_modules_katex_dist_katex_min_css-node_modules_lobehub_icons_es_index_js-node_mod-cc0141.js:340321
[  268567ms] [LOG] i18next::translator: missingKey zhCN translation 关于噜噜 关于噜噜 @ http://localhost:5175/static/js/vendors-node_modules_katex_dist_katex_min_css-node_modules_lobehub_icons_es_index_js-node_mod-cc0141.js:340321
[  268621ms] [LOG] i18next::translator: missingKey zhCN translation 噜噜岛 噜噜岛 @ http://localhost:5175/static/js/vendors-node_modules_katex_dist_katex_min_css-node_modules_lobehub_icons_es_index_js-node_mod-cc0141.js:340321
[  268621ms] [LOG] i18next::translator: missingKey zhCN translation 噜噜小屋 噜噜小屋 @ http://localhost:5175/static/js/vendors-node_modules_katex_dist_katex_min_css-node_modules_lobehub_icons_es_index_js-node_mod-cc0141.js:340321
[  268622ms] [LOG] i18next::translator: missingKey zhCN translation 伙伴乐园 伙伴乐园 @ http://localhost:5175/static/js/vendors-node_modules_katex_dist_katex_min_css-node_modules_lobehub_icons_es_index_js-node_mod-cc0141.js:340321
[  268622ms] [LOG] i18next::translator: missingKey zhCN translation 排行榜 排行榜 @ http://localhost:5175/static/js/vendors-node_modules_katex_dist_katex_min_css-node_modules_lobehub_icons_es_index_js-node_mod-cc0141.js:340321
[  268622ms] [LOG] i18next::translator: missingKey zhCN translation 文档 文档 @ http://localhost:5175/static/js/vendors-node_modules_katex_dist_katex_min_css-node_modules_lobehub_icons_es_index_js-node_mod-cc0141.js:340321
[  268623ms] [LOG] i18next::translator: missingKey zhCN translation 关于噜噜 关于噜噜 @ http://localhost:5175/static/js/vendors-node_modules_katex_dist_katex_min_css-node_modules_lobehub_icons_es_index_js-node_mod-cc0141.js:340321
[  268623ms] [LOG] i18next::translator: missingKey zhCN translation 噜噜岛 噜噜岛 @ http://localhost:5175/static/js/vendors-node_modules_katex_dist_katex_min_css-node_modules_lobehub_icons_es_index_js-node_mod-cc0141.js:340321
[  268623ms] [LOG] i18next::translator: missingKey zhCN translation 噜噜小屋 噜噜小屋 @ http://localhost:5175/static/js/vendors-node_modules_katex_dist_katex_min_css-node_modules_lobehub_icons_es_index_js-node_mod-cc0141.js:340321
[  268623ms] [LOG] i18next::translator: missingKey zhCN translation 伙伴乐园 伙伴乐园 @ http://localhost:5175/static/js/vendors-node_modules_katex_dist_katex_min_css-node_modules_lobehub_icons_es_index_js-node_mod-cc0141.js:340321
[  268623ms] [LOG] i18next::translator: missingKey zhCN translation 排行榜 排行榜 @ http://localhost:5175/static/js/vendors-node_modules_katex_dist_katex_min_css-node_modules_lobehub_icons_es_index_js-node_mod-cc0141.js:340321
[  268624ms] [LOG] i18next::translator: missingKey zhCN translation 文档 文档 @ http://localhost:5175/static/js/vendors-node_modules_katex_dist_katex_min_css-node_modules_lobehub_icons_es_index_js-node_mod-cc0141.js:340321
[  268624ms] [LOG] i18next::translator: missingKey zhCN translation 关于噜噜 关于噜噜 @ http://localhost:5175/static/js/vendors-node_modules_katex_dist_katex_min_css-node_modules_lobehub_icons_es_index_js-node_mod-cc0141.js:340321
[  268625ms] [LOG] i18next::translator: missingKey zhCN translation 噜噜岛 噜噜岛 @ http://localhost:5175/static/js/vendors-node_modules_katex_dist_katex_min_css-node_modules_lobehub_icons_es_index_js-node_mod-cc0141.js:340321
[  268625ms] [LOG] i18next::translator: missingKey zhCN translation 噜噜小屋 噜噜小屋 @ http://localhost:5175/static/js/vendors-node_modules_katex_dist_katex_min_css-node_modules_lobehub_icons_es_index_js-node_mod-cc0141.js:340321
[  268626ms] [LOG] i18next::translator: missingKey zhCN translation 伙伴乐园 伙伴乐园 @ http://localhost:5175/static/js/vendors-node_modules_katex_dist_katex_min_css-node_modules_lobehub_icons_es_index_js-node_mod-cc0141.js:340321
[  268626ms] [LOG] i18next::translator: missingKey zhCN translation 排行榜 排行榜 @ http://localhost:5175/static/js/vendors-node_modules_katex_dist_katex_min_css-node_modules_lobehub_icons_es_index_js-node_mod-cc0141.js:340321
[  268626ms] [LOG] i18next::translator: missingKey zhCN translation 文档 文档 @ http://localhost:5175/static/js/vendors-node_modules_katex_dist_katex_min_css-node_modules_lobehub_icons_es_index_js-node_mod-cc0141.js:340321
[  268626ms] [LOG] i18next::translator: missingKey zhCN translation 关于噜噜 关于噜噜 @ http://localhost:5175/static/js/vendors-node_modules_katex_dist_katex_min_css-node_modules_lobehub_icons_es_index_js-node_mod-cc0141.js:340321
[  268627ms] [LOG] i18next::translator: missingKey zhCN translation 噜噜岛 噜噜岛 @ http://localhost:5175/static/js/vendors-node_modules_katex_dist_katex_min_css-node_modules_lobehub_icons_es_index_js-node_mod-cc0141.js:340321
[  268627ms] [LOG] i18next::translator: missingKey zhCN translation 噜噜小屋 噜噜小屋 @ http://localhost:5175/static/js/vendors-node_modules_katex_dist_katex_min_css-node_modules_lobehub_icons_es_index_js-node_mod-cc0141.js:340321
[  268627ms] [LOG] i18next::translator: missingKey zhCN translation 伙伴乐园 伙伴乐园 @ http://localhost:5175/static/js/vendors-node_modules_katex_dist_katex_min_css-node_modules_lobehub_icons_es_index_js-node_mod-cc0141.js:340321
[  268627ms] [LOG] i18next::translator: missingKey zhCN translation 排行榜 排行榜 @ http://localhost:5175/static/js/vendors-node_modules_katex_dist_katex_min_css-node_modules_lobehub_icons_es_index_js-node_mod-cc0141.js:340321
[  268627ms] [LOG] i18next::translator: missingKey zhCN translation 文档 文档 @ http://localhost:5175/static/js/vendors-node_modules_katex_dist_katex_min_css-node_modules_lobehub_icons_es_index_js-node_mod-cc0141.js:340321
[  268628ms] [LOG] i18next::translator: missingKey zhCN translation 关于噜噜 关于噜噜 @ http://localhost:5175/static/js/vendors-node_modules_katex_dist_katex_min_css-node_modules_lobehub_icons_es_index_js-node_mod-cc0141.js:340321
[  268650ms] [LOG] i18next::translator: missingKey zhCN translation 噜噜岛 噜噜岛 @ http://localhost:5175/static/js/vendors-node_modules_katex_dist_katex_min_css-node_modules_lobehub_icons_es_index_js-node_mod-cc0141.js:340321
[  268650ms] [LOG] i18next::translator: missingKey zhCN translation 噜噜小屋 噜噜小屋 @ http://localhost:5175/static/js/vendors-node_modules_katex_dist_katex_min_css-node_modules_lobehub_icons_es_index_js-node_mod-cc0141.js:340321
[  268651ms] [LOG] i18next::translator: missingKey zhCN translation 伙伴乐园 伙伴乐园 @ http://localhost:5175/static/js/vendors-node_modules_katex_dist_katex_min_css-node_modules_lobehub_icons_es_index_js-node_mod-cc0141.js:340321
[  268651ms] [LOG] i18next::translator: missingKey zhCN translation 排行榜 排行榜 @ http://localhost:5175/static/js/vendors-node_modules_katex_dist_katex_min_css-node_modules_lobehub_icons_es_index_js-node_mod-cc0141.js:340321
[  268651ms] [LOG] i18next::translator: missingKey zhCN translation 文档 文档 @ http://localhost:5175/static/js/vendors-node_modules_katex_dist_katex_min_css-node_modules_lobehub_icons_es_index_js-node_mod-cc0141.js:340321
[  268652ms] [LOG] i18next::translator: missingKey zhCN translation 关于噜噜 关于噜噜 @ http://localhost:5175/static/js/vendors-node_modules_katex_dist_katex_min_css-node_modules_lobehub_icons_es_index_js-node_mod-cc0141.js:340321
[  268653ms] [LOG] i18next::translator: missingKey zhCN translation 噜噜岛 噜噜岛 @ http://localhost:5175/static/js/vendors-node_modules_katex_dist_katex_min_css-node_modules_lobehub_icons_es_index_js-node_mod-cc0141.js:340321
[  268653ms] [LOG] i18next::translator: missingKey zhCN translation 噜噜小屋 噜噜小屋 @ http://localhost:5175/static/js/vendors-node_modules_katex_dist_katex_min_css-node_modules_lobehub_icons_es_index_js-node_mod-cc0141.js:340321
[  268653ms] [LOG] i18next::translator: missingKey zhCN translation 伙伴乐园 伙伴乐园 @ http://localhost:5175/static/js/vendors-node_modules_katex_dist_katex_min_css-node_modules_lobehub_icons_es_index_js-node_mod-cc0141.js:340321
[  268654ms] [LOG] i18next::translator: missingKey zhCN translation 排行榜 排行榜 @ http://localhost:5175/static/js/vendors-node_modules_katex_dist_katex_min_css-node_modules_lobehub_icons_es_index_js-node_mod-cc0141.js:340321
[  268654ms] [LOG] i18next::translator: missingKey zhCN translation 文档 文档 @ http://localhost:5175/static/js/vendors-node_modules_katex_dist_katex_min_css-node_modules_lobehub_icons_es_index_js-node_mod-cc0141.js:340321
[  268654ms] [LOG] i18next::translator: missingKey zhCN translation 关于噜噜 关于噜噜 @ http://localhost:5175/static/js/vendors-node_modules_katex_dist_katex_min_css-node_modules_lobehub_icons_es_index_js-node_mod-cc0141.js:340321
[  268655ms] [LOG] i18next::translator: missingKey zhCN translation 噜噜岛 噜噜岛 @ http://localhost:5175/static/js/vendors-node_modules_katex_dist_katex_min_css-node_modules_lobehub_icons_es_index_js-node_mod-cc0141.js:340321
[  268656ms] [LOG] i18next::translator: missingKey zhCN translation 噜噜小屋 噜噜小屋 @ http://localhost:5175/static/js/vendors-node_modules_katex_dist_katex_min_css-node_modules_lobehub_icons_es_index_js-node_mod-cc0141.js:340321
[  268656ms] [LOG] i18next::translator: missingKey zhCN translation 伙伴乐园 伙伴乐园 @ http://localhost:5175/static/js/vendors-node_modules_katex_dist_katex_min_css-node_modules_lobehub_icons_es_index_js-node_mod-cc0141.js:340321
[  268656ms] [LOG] i18next::translator: missingKey zhCN translation 排行榜 排行榜 @ http://localhost:5175/static/js/vendors-node_modules_katex_dist_katex_min_css-node_modules_lobehub_icons_es_index_js-node_mod-cc0141.js:340321
[  268656ms] [LOG] i18next::translator: missingKey zhCN translation 文档 文档 @ http://localhost:5175/static/js/vendors-node_modules_katex_dist_katex_min_css-node_modules_lobehub_icons_es_index_js-node_mod-cc0141.js:340321
[  268656ms] [LOG] i18next::translator: missingKey zhCN translation 关于噜噜 关于噜噜 @ http://localhost:5175/static/js/vendors-node_modules_katex_dist_katex_min_css-node_modules_lobehub_icons_es_index_js-node_mod-cc0141.js:340321
[  268656ms] [LOG] i18next::translator: missingKey zhCN translation 噜噜岛 噜噜岛 @ http://localhost:5175/static/js/vendors-node_modules_katex_dist_katex_min_css-node_modules_lobehub_icons_es_index_js-node_mod-cc0141.js:340321
[  268657ms] [LOG] i18next::translator: missingKey zhCN translation 噜噜小屋 噜噜小屋 @ http://localhost:5175/static/js/vendors-node_modules_katex_dist_katex_min_css-node_modules_lobehub_icons_es_index_js-node_mod-cc0141.js:340321
[  268657ms] [LOG] i18next::translator: missingKey zhCN translation 伙伴乐园 伙伴乐园 @ http://localhost:5175/static/js/vendors-node_modules_katex_dist_katex_min_css-node_modules_lobehub_icons_es_index_js-node_mod-cc0141.js:340321
[  268657ms] [LOG] i18next::translator: missingKey zhCN translation 排行榜 排行榜 @ http://localhost:5175/static/js/vendors-node_modules_katex_dist_katex_min_css-node_modules_lobehub_icons_es_index_js-node_mod-cc0141.js:340321
[  268657ms] [LOG] i18next::translator: missingKey zhCN translation 文档 文档 @ http://localhost:5175/static/js/vendors-node_modules_katex_dist_katex_min_css-node_modules_lobehub_icons_es_index_js-node_mod-cc0141.js:340321
[  268657ms] [LOG] i18next::translator: missingKey zhCN translation 关于噜噜 关于噜噜 @ http://localhost:5175/static/js/vendors-node_modules_katex_dist_katex_min_css-node_modules_lobehub_icons_es_index_js-node_mod-cc0141.js:340321
[  268680ms] [LOG] i18next::translator: missingKey zhCN translation 噜噜岛 噜噜岛 @ http://localhost:5175/static/js/vendors-node_modules_katex_dist_katex_min_css-node_modules_lobehub_icons_es_index_js-node_mod-cc0141.js:340321
[  268680ms] [LOG] i18next::translator: missingKey zhCN translation 噜噜小屋 噜噜小屋 @ http://localhost:5175/static/js/vendors-node_modules_katex_dist_katex_min_css-node_modules_lobehub_icons_es_index_js-node_mod-cc0141.js:340321
[  268680ms] [LOG] i18next::translator: missingKey zhCN translation 伙伴乐园 伙伴乐园 @ http://localhost:5175/static/js/vendors-node_modules_katex_dist_katex_min_css-node_modules_lobehub_icons_es_index_js-node_mod-cc0141.js:340321
[  268680ms] [LOG] i18next::translator: missingKey zhCN translation 排行榜 排行榜 @ http://localhost:5175/static/js/vendors-node_modules_katex_dist_katex_min_css-node_modules_lobehub_icons_es_index_js-node_mod-cc0141.js:340321
[  268680ms] [LOG] i18next::translator: missingKey zhCN translation 文档 文档 @ http://localhost:5175/static/js/vendors-node_modules_katex_dist_katex_min_css-node_modules_lobehub_icons_es_index_js-node_mod-cc0141.js:340321
[  268680ms] [LOG] i18next::translator: missingKey zhCN translation 关于噜噜 关于噜噜 @ http://localhost:5175/static/js/vendors-node_modules_katex_dist_katex_min_css-node_modules_lobehub_icons_es_index_js-node_mod-cc0141.js:340321
[  268681ms] [LOG] i18next::translator: missingKey zhCN translation 噜噜岛 噜噜岛 @ http://localhost:5175/static/js/vendors-node_modules_katex_dist_katex_min_css-node_modules_lobehub_icons_es_index_js-node_mod-cc0141.js:340321
[  268681ms] [LOG] i18next::translator: missingKey zhCN translation 噜噜小屋 噜噜小屋 @ http://localhost:5175/static/js/vendors-node_modules_katex_dist_katex_min_css-node_modules_lobehub_icons_es_index_js-node_mod-cc0141.js:340321
[  268681ms] [LOG] i18next::translator: missingKey zhCN translation 伙伴乐园 伙伴乐园 @ http://localhost:5175/static/js/vendors-node_modules_katex_dist_katex_min_css-node_modules_lobehub_icons_es_index_js-node_mod-cc0141.js:340321
[  268681ms] [LOG] i18next::translator: missingKey zhCN translation 排行榜 排行榜 @ http://localhost:5175/static/js/vendors-node_modules_katex_dist_katex_min_css-node_modules_lobehub_icons_es_index_js-node_mod-cc0141.js:340321
[  268681ms] [LOG] i18next::translator: missingKey zhCN translation 文档 文档 @ http://localhost:5175/static/js/vendors-node_modules_katex_dist_katex_min_css-node_modules_lobehub_icons_es_index_js-node_mod-cc0141.js:340321
[  268681ms] [LOG] i18next::translator: missingKey zhCN translation 关于噜噜 关于噜噜 @ http://localhost:5175/static/js/vendors-node_modules_katex_dist_katex_min_css-node_modules_lobehub_icons_es_index_js-node_mod-cc0141.js:340321
[  268682ms] [LOG] i18next::translator: missingKey zhCN translation 噜噜岛 噜噜岛 @ http://localhost:5175/static/js/vendors-node_modules_katex_dist_katex_min_css-node_modules_lobehub_icons_es_index_js-node_mod-cc0141.js:340321
[  268682ms] [LOG] i18next::translator: missingKey zhCN translation 噜噜小屋 噜噜小屋 @ http://localhost:5175/static/js/vendors-node_modules_katex_dist_katex_min_css-node_modules_lobehub_icons_es_index_js-node_mod-cc0141.js:340321
[  268682ms] [LOG] i18next::translator: missingKey zhCN translation 伙伴乐园 伙伴乐园 @ http://localhost:5175/static/js/vendors-node_modules_katex_dist_katex_min_css-node_modules_lobehub_icons_es_index_js-node_mod-cc0141.js:340321
[  268682ms] [LOG] i18next::translator: missingKey zhCN translation 排行榜 排行榜 @ http://localhost:5175/static/js/vendors-node_modules_katex_dist_katex_min_css-node_modules_lobehub_icons_es_index_js-node_mod-cc0141.js:340321
[  268682ms] [LOG] i18next::translator: missingKey zhCN translation 文档 文档 @ http://localhost:5175/static/js/vendors-node_modules_katex_dist_katex_min_css-node_modules_lobehub_icons_es_index_js-node_mod-cc0141.js:340321
[  268682ms] [LOG] i18next::translator: missingKey zhCN translation 关于噜噜 关于噜噜 @ http://localhost:5175/static/js/vendors-node_modules_katex_dist_katex_min_css-node_modules_lobehub_icons_es_index_js-node_mod-cc0141.js:340321
[  268682ms] [LOG] i18next::translator: missingKey zhCN translation 噜噜岛 噜噜岛 @ http://localhost:5175/static/js/vendors-node_modules_katex_dist_katex_min_css-node_modules_lobehub_icons_es_index_js-node_mod-cc0141.js:340321
[  268682ms] [LOG] i18next::translator: missingKey zhCN translation 噜噜小屋 噜噜小屋 @ http://localhost:5175/static/js/vendors-node_modules_katex_dist_katex_min_css-node_modules_lobehub_icons_es_index_js-node_mod-cc0141.js:340321
[  268682ms] [LOG] i18next::translator: missingKey zhCN translation 伙伴乐园 伙伴乐园 @ http://localhost:5175/static/js/vendors-node_modules_katex_dist_katex_min_css-node_modules_lobehub_icons_es_index_js-node_mod-cc0141.js:340321
[  268682ms] [LOG] i18next::translator: missingKey zhCN translation 排行榜 排行榜 @ http://localhost:5175/static/js/vendors-node_modules_katex_dist_katex_min_css-node_modules_lobehub_icons_es_index_js-node_mod-cc0141.js:340321
[  268683ms] [LOG] i18next::translator: missingKey zhCN translation 文档 文档 @ http://localhost:5175/static/js/vendors-node_modules_katex_dist_katex_min_css-node_modules_lobehub_icons_es_index_js-node_mod-cc0141.js:340321
[  268683ms] [LOG] i18next::translator: missingKey zhCN translation 关于噜噜 关于噜噜 @ http://localhost:5175/static/js/vendors-node_modules_katex_dist_katex_min_css-node_modules_lobehub_icons_es_index_js-node_mod-cc0141.js:340321
[  268698ms] [INFO] [rsbuild] WebSocket connected. @ http://localhost:5175/static/js/vendors-node_modules_katex_dist_katex_min_css-node_modules_lobehub_icons_es_index_js-node_mod-cc0141.js:272395
[  268700ms] [LOG] i18next::translator: missingKey zhCN translation 噜噜岛 噜噜岛 @ http://localhost:5175/static/js/vendors-node_modules_katex_dist_katex_min_css-node_modules_lobehub_icons_es_index_js-node_mod-cc0141.js:340321
[  268700ms] [LOG] i18next::translator: missingKey zhCN translation 噜噜小屋 噜噜小屋 @ http://localhost:5175/static/js/vendors-node_modules_katex_dist_katex_min_css-node_modules_lobehub_icons_es_index_js-node_mod-cc0141.js:340321
[  268701ms] [LOG] i18next::translator: missingKey zhCN translation 伙伴乐园 伙伴乐园 @ http://localhost:5175/static/js/vendors-node_modules_katex_dist_katex_min_css-node_modules_lobehub_icons_es_index_js-node_mod-cc0141.js:340321
[  268701ms] [LOG] i18next::translator: missingKey zhCN translation 排行榜 排行榜 @ http://localhost:5175/static/js/vendors-node_modules_katex_dist_katex_min_css-node_modules_lobehub_icons_es_index_js-node_mod-cc0141.js:340321
[  268701ms] [LOG] i18next::translator: missingKey zhCN translation 文档 文档 @ http://localhost:5175/static/js/vendors-node_modules_katex_dist_katex_min_css-node_modules_lobehub_icons_es_index_js-node_mod-cc0141.js:340321
[  268701ms] [LOG] i18next::translator: missingKey zhCN translation 关于噜噜 关于噜噜 @ http://localhost:5175/static/js/vendors-node_modules_katex_dist_katex_min_css-node_modules_lobehub_icons_es_index_js-node_mod-cc0141.js:340321
[  268701ms] [LOG] i18next::translator: missingKey zhCN translation 噜噜岛 噜噜岛 @ http://localhost:5175/static/js/vendors-node_modules_katex_dist_katex_min_css-node_modules_lobehub_icons_es_index_js-node_mod-cc0141.js:340321
[  268702ms] [LOG] i18next::translator: missingKey zhCN translation 噜噜小屋 噜噜小屋 @ http://localhost:5175/static/js/vendors-node_modules_katex_dist_katex_min_css-node_modules_lobehub_icons_es_index_js-node_mod-cc0141.js:340321
[  268702ms] [LOG] i18next::translator: missingKey zhCN translation 伙伴乐园 伙伴乐园 @ http://localhost:5175/static/js/vendors-node_modules_katex_dist_katex_min_css-node_modules_lobehub_icons_es_index_js-node_mod-cc0141.js:340321
[  268702ms] [LOG] i18next::translator: missingKey zhCN translation 排行榜 排行榜 @ http://localhost:5175/static/js/vendors-node_modules_katex_dist_katex_min_css-node_modules_lobehub_icons_es_index_js-node_mod-cc0141.js:340321
[  268702ms] [LOG] i18next::translator: missingKey zhCN translation 文档 文档 @ http://localhost:5175/static/js/vendors-node_modules_katex_dist_katex_min_css-node_modules_lobehub_icons_es_index_js-node_mod-cc0141.js:340321
[  268702ms] [LOG] i18next::translator: missingKey zhCN translation 关于噜噜 关于噜噜 @ http://localhost:5175/static/js/vendors-node_modules_katex_dist_katex_min_css-node_modules_lobehub_icons_es_index_js-node_mod-cc0141.js:340321
[  268703ms] [LOG] i18next::translator: missingKey zhCN translation 噜噜岛 噜噜岛 @ http://localhost:5175/static/js/vendors-node_modules_katex_dist_katex_min_css-node_modules_lobehub_icons_es_index_js-node_mod-cc0141.js:340321
[  268704ms] [LOG] i18next::translator: missingKey zhCN translation 噜噜小屋 噜噜小屋 @ http://localhost:5175/static/js/vendors-node_modules_katex_dist_katex_min_css-node_modules_lobehub_icons_es_index_js-node_mod-cc0141.js:340321
[  268704ms] [LOG] i18next::translator: missingKey zhCN translation 伙伴乐园 伙伴乐园 @ http://localhost:5175/static/js/vendors-node_modules_katex_dist_katex_min_css-node_modules_lobehub_icons_es_index_js-node_mod-cc0141.js:340321
[  268704ms] [LOG] i18next::translator: missingKey zhCN translation 排行榜 排行榜 @ http://localhost:5175/static/js/vendors-node_modules_katex_dist_katex_min_css-node_modules_lobehub_icons_es_index_js-node_mod-cc0141.js:340321
[  268705ms] [LOG] i18next::translator: missingKey zhCN translation 文档 文档 @ http://localhost:5175/static/js/vendors-node_modules_katex_dist_katex_min_css-node_modules_lobehub_icons_es_index_js-node_mod-cc0141.js:340321
[  268705ms] [LOG] i18next::translator: missingKey zhCN translation 关于噜噜 关于噜噜 @ http://localhost:5175/static/js/vendors-node_modules_katex_dist_katex_min_css-node_modules_lobehub_icons_es_index_js-node_mod-cc0141.js:340321
[  268706ms] [LOG] i18next::translator: missingKey zhCN translation 噜噜岛 噜噜岛 @ http://localhost:5175/static/js/vendors-node_modules_katex_dist_katex_min_css-node_modules_lobehub_icons_es_index_js-node_mod-cc0141.js:340321
[  268706ms] [LOG] i18next::translator: missingKey zhCN translation 噜噜小屋 噜噜小屋 @ http://localhost:5175/static/js/vendors-node_modules_katex_dist_katex_min_css-node_modules_lobehub_icons_es_index_js-node_mod-cc0141.js:340321
[  268706ms] [LOG] i18next::translator: missingKey zhCN translation 伙伴乐园 伙伴乐园 @ http://localhost:5175/static/js/vendors-node_modules_katex_dist_katex_min_css-node_modules_lobehub_icons_es_index_js-node_mod-cc0141.js:340321
[  268707ms] [LOG] i18next::translator: missingKey zhCN translation 排行榜 排行榜 @ http://localhost:5175/static/js/vendors-node_modules_katex_dist_katex_min_css-node_modules_lobehub_icons_es_index_js-node_mod-cc0141.js:340321
[  268707ms] [LOG] i18next::translator: missingKey zhCN translation 文档 文档 @ http://localhost:5175/static/js/vendors-node_modules_katex_dist_katex_min_css-node_modules_lobehub_icons_es_index_js-node_mod-cc0141.js:340321
[  268707ms] [LOG] i18next::translator: missingKey zhCN translation 关于噜噜 关于噜噜 @ http://localhost:5175/static/js/vendors-node_modules_katex_dist_katex_min_css-node_modules_lobehub_icons_es_index_js-node_mod-cc0141.js:340321
[  268775ms] [LOG] i18next::translator: missingKey zhCN translation 噜噜岛 噜噜岛 @ http://localhost:5175/static/js/vendors-node_modules_katex_dist_katex_min_css-node_modules_lobehub_icons_es_index_js-node_mod-cc0141.js:340321
[  268776ms] [LOG] i18next::translator: missingKey zhCN translation 噜噜小屋 噜噜小屋 @ http://localhost:5175/static/js/vendors-node_modules_katex_dist_katex_min_css-node_modules_lobehub_icons_es_index_js-node_mod-cc0141.js:340321
[  268776ms] [LOG] i18next::translator: missingKey zhCN translation 伙伴乐园 伙伴乐园 @ http://localhost:5175/static/js/vendors-node_modules_katex_dist_katex_min_css-node_modules_lobehub_icons_es_index_js-node_mod-cc0141.js:340321
[  268776ms] [LOG] i18next::translator: missingKey zhCN translation 排行榜 排行榜 @ http://localhost:5175/static/js/vendors-node_modules_katex_dist_katex_min_css-node_modules_lobehub_icons_es_index_js-node_mod-cc0141.js:340321
[  268776ms] [LOG] i18next::translator: missingKey zhCN translation 文档 文档 @ http://localhost:5175/static/js/vendors-node_modules_katex_dist_katex_min_css-node_modules_lobehub_icons_es_index_js-node_mod-cc0141.js:340321
[  268777ms] [LOG] i18next::translator: missingKey zhCN translation 关于噜噜 关于噜噜 @ http://localhost:5175/static/js/vendors-node_modules_katex_dist_katex_min_css-node_modules_lobehub_icons_es_index_js-node_mod-cc0141.js:340321
[  268778ms] [LOG] i18next::translator: missingKey zhCN translation 噜噜岛 噜噜岛 @ http://localhost:5175/static/js/vendors-node_modules_katex_dist_katex_min_css-node_modules_lobehub_icons_es_index_js-node_mod-cc0141.js:340321
[  268778ms] [LOG] i18next::translator: missingKey zhCN translation 噜噜小屋 噜噜小屋 @ http://localhost:5175/static/js/vendors-node_modules_katex_dist_katex_min_css-node_modules_lobehub_icons_es_index_js-node_mod-cc0141.js:340321
[  268778ms] [LOG] i18next::translator: missingKey zhCN translation 伙伴乐园 伙伴乐园 @ http://localhost:5175/static/js/vendors-node_modules_katex_dist_katex_min_css-node_modules_lobehub_icons_es_index_js-node_mod-cc0141.js:340321
[  268778ms] [LOG] i18next::translator: missingKey zhCN translation 排行榜 排行榜 @ http://localhost:5175/static/js/vendors-node_modules_katex_dist_katex_min_css-node_modules_lobehub_icons_es_index_js-node_mod-cc0141.js:340321
[  268779ms] [LOG] i18next::translator: missingKey zhCN translation 文档 文档 @ http://localhost:5175/static/js/vendors-node_modules_katex_dist_katex_min_css-node_modules_lobehub_icons_es_index_js-node_mod-cc0141.js:340321
[  268779ms] [LOG] i18next::translator: missingKey zhCN translation 关于噜噜 关于噜噜 @ http://localhost:5175/static/js/vendors-node_modules_katex_dist_katex_min_css-node_modules_lobehub_icons_es_index_js-node_mod-cc0141.js:340321
[  268780ms] [LOG] i18next::translator: missingKey zhCN translation 噜噜岛 噜噜岛 @ http://localhost:5175/static/js/vendors-node_modules_katex_dist_katex_min_css-node_modules_lobehub_icons_es_index_js-node_mod-cc0141.js:340321
[  268781ms] [LOG] i18next::translator: missingKey zhCN translation 噜噜小屋 噜噜小屋 @ http://localhost:5175/static/js/vendors-node_modules_katex_dist_katex_min_css-node_modules_lobehub_icons_es_index_js-node_mod-cc0141.js:340321
[  268781ms] [LOG] i18next::translator: missingKey zhCN translation 伙伴乐园 伙伴乐园 @ http://localhost:5175/static/js/vendors-node_modules_katex_dist_katex_min_css-node_modules_lobehub_icons_es_index_js-node_mod-cc0141.js:340321
[  268781ms] [LOG] i18next::translator: missingKey zhCN translation 排行榜 排行榜 @ http://localhost:5175/static/js/vendors-node_modules_katex_dist_katex_min_css-node_modules_lobehub_icons_es_index_js-node_mod-cc0141.js:340321
[  268782ms] [LOG] i18next::translator: missingKey zhCN translation 文档 文档 @ http://localhost:5175/static/js/vendors-node_modules_katex_dist_katex_min_css-node_modules_lobehub_icons_es_index_js-node_mod-cc0141.js:340321
[  268782ms] [LOG] i18next::translator: missingKey zhCN translation 关于噜噜 关于噜噜 @ http://localhost:5175/static/js/vendors-node_modules_katex_dist_katex_min_css-node_modules_lobehub_icons_es_index_js-node_mod-cc0141.js:340321
[  268783ms] [LOG] i18next::translator: missingKey zhCN translation 噜噜岛 噜噜岛 @ http://localhost:5175/static/js/vendors-node_modules_katex_dist_katex_min_css-node_modules_lobehub_icons_es_index_js-node_mod-cc0141.js:340321
[  268783ms] [LOG] i18next::translator: missingKey zhCN translation 噜噜小屋 噜噜小屋 @ http://localhost:5175/static/js/vendors-node_modules_katex_dist_katex_min_css-node_modules_lobehub_icons_es_index_js-node_mod-cc0141.js:340321
[  268784ms] [LOG] i18next::translator: missingKey zhCN translation 伙伴乐园 伙伴乐园 @ http://localhost:5175/static/js/vendors-node_modules_katex_dist_katex_min_css-node_modules_lobehub_icons_es_index_js-node_mod-cc0141.js:340321
[  268784ms] [LOG] i18next::translator: missingKey zhCN translation 排行榜 排行榜 @ http://localhost:5175/static/js/vendors-node_modules_katex_dist_katex_min_css-node_modules_lobehub_icons_es_index_js-node_mod-cc0141.js:340321
[  268784ms] [LOG] i18next::translator: missingKey zhCN translation 文档 文档 @ http://localhost:5175/static/js/vendors-node_modules_katex_dist_katex_min_css-node_modules_lobehub_icons_es_index_js-node_mod-cc0141.js:340321
[  268784ms] [LOG] i18next::translator: missingKey zhCN translation 关于噜噜 关于噜噜 @ http://localhost:5175/static/js/vendors-node_modules_katex_dist_katex_min_css-node_modules_lobehub_icons_es_index_js-node_mod-cc0141.js:340321
[  268803ms] [LOG] i18next::translator: missingKey zhCN translation 噜噜岛 噜噜岛 @ http://localhost:5175/static/js/vendors-node_modules_katex_dist_katex_min_css-node_modules_lobehub_icons_es_index_js-node_mod-cc0141.js:340321
[  268803ms] [LOG] i18next::translator: missingKey zhCN translation 噜噜小屋 噜噜小屋 @ http://localhost:5175/static/js/vendors-node_modules_katex_dist_katex_min_css-node_modules_lobehub_icons_es_index_js-node_mod-cc0141.js:340321
[  268803ms] [LOG] i18next::translator: missingKey zhCN translation 伙伴乐园 伙伴乐园 @ http://localhost:5175/static/js/vendors-node_modules_katex_dist_katex_min_css-node_modules_lobehub_icons_es_index_js-node_mod-cc0141.js:340321
[  268803ms] [LOG] i18next::translator: missingKey zhCN translation 排行榜 排行榜 @ http://localhost:5175/static/js/vendors-node_modules_katex_dist_katex_min_css-node_modules_lobehub_icons_es_index_js-node_mod-cc0141.js:340321
[  268803ms] [LOG] i18next::translator: missingKey zhCN translation 文档 文档 @ http://localhost:5175/static/js/vendors-node_modules_katex_dist_katex_min_css-node_modules_lobehub_icons_es_index_js-node_mod-cc0141.js:340321
[  268803ms] [LOG] i18next::translator: missingKey zhCN translation 关于噜噜 关于噜噜 @ http://localhost:5175/static/js/vendors-node_modules_katex_dist_katex_min_css-node_modules_lobehub_icons_es_index_js-node_mod-cc0141.js:340321
[  268804ms] [LOG] i18next::translator: missingKey zhCN translation 噜噜岛 噜噜岛 @ http://localhost:5175/static/js/vendors-node_modules_katex_dist_katex_min_css-node_modules_lobehub_icons_es_index_js-node_mod-cc0141.js:340321
[  268804ms] [LOG] i18next::translator: missingKey zhCN translation 噜噜小屋 噜噜小屋 @ http://localhost:5175/static/js/vendors-node_modules_katex_dist_katex_min_css-node_modules_lobehub_icons_es_index_js-node_mod-cc0141.js:340321
[  268804ms] [LOG] i18next::translator: missingKey zhCN translation 伙伴乐园 伙伴乐园 @ http://localhost:5175/static/js/vendors-node_modules_katex_dist_katex_min_css-node_modules_lobehub_icons_es_index_js-node_mod-cc0141.js:340321
[  268804ms] [LOG] i18next::translator: missingKey zhCN translation 排行榜 排行榜 @ http://localhost:5175/static/js/vendors-node_modules_katex_dist_katex_min_css-node_modules_lobehub_icons_es_index_js-node_mod-cc0141.js:340321
[  268804ms] [LOG] i18next::translator: missingKey zhCN translation 文档 文档 @ http://localhost:5175/static/js/vendors-node_modules_katex_dist_katex_min_css-node_modules_lobehub_icons_es_index_js-node_mod-cc0141.js:340321
[  268804ms] [LOG] i18next::translator: missingKey zhCN translation 关于噜噜 关于噜噜 @ http://localhost:5175/static/js/vendors-node_modules_katex_dist_katex_min_css-node_modules_lobehub_icons_es_index_js-node_mod-cc0141.js:340321
[  268805ms] [LOG] i18next::translator: missingKey zhCN translation 噜噜岛 噜噜岛 @ http://localhost:5175/static/js/vendors-node_modules_katex_dist_katex_min_css-node_modules_lobehub_icons_es_index_js-node_mod-cc0141.js:340321
[  268805ms] [LOG] i18next::translator: missingKey zhCN translation 噜噜小屋 噜噜小屋 @ http://localhost:5175/static/js/vendors-node_modules_katex_dist_katex_min_css-node_modules_lobehub_icons_es_index_js-node_mod-cc0141.js:340321
[  268805ms] [LOG] i18next::translator: missingKey zhCN translation 伙伴乐园 伙伴乐园 @ http://localhost:5175/static/js/vendors-node_modules_katex_dist_katex_min_css-node_modules_lobehub_icons_es_index_js-node_mod-cc0141.js:340321
[  268805ms] [LOG] i18next::translator: missingKey zhCN translation 排行榜 排行榜 @ http://localhost:5175/static/js/vendors-node_modules_katex_dist_katex_min_css-node_modules_lobehub_icons_es_index_js-node_mod-cc0141.js:340321
[  268806ms] [LOG] i18next::translator: missingKey zhCN translation 文档 文档 @ http://localhost:5175/static/js/vendors-node_modules_katex_dist_katex_min_css-node_modules_lobehub_icons_es_index_js-node_mod-cc0141.js:340321
[  268806ms] [LOG] i18next::translator: missingKey zhCN translation 关于噜噜 关于噜噜 @ http://localhost:5175/static/js/vendors-node_modules_katex_dist_katex_min_css-node_modules_lobehub_icons_es_index_js-node_mod-cc0141.js:340321
[  268806ms] [LOG] i18next::translator: missingKey zhCN translation 噜噜岛 噜噜岛 @ http://localhost:5175/static/js/vendors-node_modules_katex_dist_katex_min_css-node_modules_lobehub_icons_es_index_js-node_mod-cc0141.js:340321
[  268806ms] [LOG] i18next::translator: missingKey zhCN translation 噜噜小屋 噜噜小屋 @ http://localhost:5175/static/js/vendors-node_modules_katex_dist_katex_min_css-node_modules_lobehub_icons_es_index_js-node_mod-cc0141.js:340321
[  268807ms] [LOG] i18next::translator: missingKey zhCN translation 伙伴乐园 伙伴乐园 @ http://localhost:5175/static/js/vendors-node_modules_katex_dist_katex_min_css-node_modules_lobehub_icons_es_index_js-node_mod-cc0141.js:340321
[  268807ms] [LOG] i18next::translator: missingKey zhCN translation 排行榜 排行榜 @ http://localhost:5175/static/js/vendors-node_modules_katex_dist_katex_min_css-node_modules_lobehub_icons_es_index_js-node_mod-cc0141.js:340321
[  268807ms] [LOG] i18next::translator: missingKey zhCN translation 文档 文档 @ http://localhost:5175/static/js/vendors-node_modules_katex_dist_katex_min_css-node_modules_lobehub_icons_es_index_js-node_mod-cc0141.js:340321
[  268807ms] [LOG] i18next::translator: missingKey zhCN translation 关于噜噜 关于噜噜 @ http://localhost:5175/static/js/vendors-node_modules_katex_dist_katex_min_css-node_modules_lobehub_icons_es_index_js-node_mod-cc0141.js:340321
[  269717ms] [INFO] [rsbuild] WebSocket connecting... @ http://localhost:5175/static/js/vendors-node_modules_katex_dist_katex_min_css-node_modules_lobehub_icons_es_index_js-node_mod-cc0141.js:272395
[  269723ms] [INFO] %cDownload the React DevTools for a better development experience: https://react.dev/link/react-devtools font-weight:bold @ http://localhost:5175/static/js/lib-react.js:28005
[  269739ms] [LOG] i18next: languageChanged zhCN @ http://localhost:5175/static/js/vendors-node_modules_katex_dist_katex_min_css-node_modules_lobehub_icons_es_index_js-node_mod-cc0141.js:340321
[  269740ms] [LOG] i18next: initialized {debug: true, initAsync: true, ns: Array(1), defaultNS: Array(1), fallbackLng: Array(1)} @ http://localhost:5175/static/js/vendors-node_modules_katex_dist_katex_min_css-node_modules_lobehub_icons_es_index_js-node_mod-cc0141.js:340321
[  269942ms] [LOG] i18next::translator: missingKey zhCN translation 噜噜岛 噜噜岛 @ http://localhost:5175/static/js/vendors-node_modules_katex_dist_katex_min_css-node_modules_lobehub_icons_es_index_js-node_mod-cc0141.js:340321
[  269942ms] [LOG] i18next::translator: missingKey zhCN translation 噜噜小屋 噜噜小屋 @ http://localhost:5175/static/js/vendors-node_modules_katex_dist_katex_min_css-node_modules_lobehub_icons_es_index_js-node_mod-cc0141.js:340321
[  269943ms] [LOG] i18next::translator: missingKey zhCN translation 伙伴乐园 伙伴乐园 @ http://localhost:5175/static/js/vendors-node_modules_katex_dist_katex_min_css-node_modules_lobehub_icons_es_index_js-node_mod-cc0141.js:340321
[  269943ms] [LOG] i18next::translator: missingKey zhCN translation 排行榜 排行榜 @ http://localhost:5175/static/js/vendors-node_modules_katex_dist_katex_min_css-node_modules_lobehub_icons_es_index_js-node_mod-cc0141.js:340321
[  269943ms] [LOG] i18next::translator: missingKey zhCN translation 文档 文档 @ http://localhost:5175/static/js/vendors-node_modules_katex_dist_katex_min_css-node_modules_lobehub_icons_es_index_js-node_mod-cc0141.js:340321
[  269943ms] [LOG] i18next::translator: missingKey zhCN translation 关于噜噜 关于噜噜 @ http://localhost:5175/static/js/vendors-node_modules_katex_dist_katex_min_css-node_modules_lobehub_icons_es_index_js-node_mod-cc0141.js:340321
[  269944ms] [LOG] i18next::translator: missingKey zhCN translation 噜噜岛 噜噜岛 @ http://localhost:5175/static/js/vendors-node_modules_katex_dist_katex_min_css-node_modules_lobehub_icons_es_index_js-node_mod-cc0141.js:340321
[  269944ms] [LOG] i18next::translator: missingKey zhCN translation 噜噜小屋 噜噜小屋 @ http://localhost:5175/static/js/vendors-node_modules_katex_dist_katex_min_css-node_modules_lobehub_icons_es_index_js-node_mod-cc0141.js:340321
[  269945ms] [LOG] i18next::translator: missingKey zhCN translation 伙伴乐园 伙伴乐园 @ http://localhost:5175/static/js/vendors-node_modules_katex_dist_katex_min_css-node_modules_lobehub_icons_es_index_js-node_mod-cc0141.js:340321
[  269945ms] [LOG] i18next::translator: missingKey zhCN translation 排行榜 排行榜 @ http://localhost:5175/static/js/vendors-node_modules_katex_dist_katex_min_css-node_modules_lobehub_icons_es_index_js-node_mod-cc0141.js:340321
[  269945ms] [LOG] i18next::translator: missingKey zhCN translation 文档 文档 @ http://localhost:5175/static/js/vendors-node_modules_katex_dist_katex_min_css-node_modules_lobehub_icons_es_index_js-node_mod-cc0141.js:340321
[  269945ms] [LOG] i18next::translator: missingKey zhCN translation 关于噜噜 关于噜噜 @ http://localhost:5175/static/js/vendors-node_modules_katex_dist_katex_min_css-node_modules_lobehub_icons_es_index_js-node_mod-cc0141.js:340321
[  269947ms] [LOG] i18next::translator: missingKey zhCN translation 噜噜岛 噜噜岛 @ http://localhost:5175/static/js/vendors-node_modules_katex_dist_katex_min_css-node_modules_lobehub_icons_es_index_js-node_mod-cc0141.js:340321
[  269947ms] [LOG] i18next::translator: missingKey zhCN translation 噜噜小屋 噜噜小屋 @ http://localhost:5175/static/js/vendors-node_modules_katex_dist_katex_min_css-node_modules_lobehub_icons_es_index_js-node_mod-cc0141.js:340321
[  269947ms] [LOG] i18next::translator: missingKey zhCN translation 伙伴乐园 伙伴乐园 @ http://localhost:5175/static/js/vendors-node_modules_katex_dist_katex_min_css-node_modules_lobehub_icons_es_index_js-node_mod-cc0141.js:340321
[  269948ms] [LOG] i18next::translator: missingKey zhCN translation 排行榜 排行榜 @ http://localhost:5175/static/js/vendors-node_modules_katex_dist_katex_min_css-node_modules_lobehub_icons_es_index_js-node_mod-cc0141.js:340321
[  269948ms] [LOG] i18next::translator: missingKey zhCN translation 文档 文档 @ http://localhost:5175/static/js/vendors-node_modules_katex_dist_katex_min_css-node_modules_lobehub_icons_es_index_js-node_mod-cc0141.js:340321
[  269948ms] [LOG] i18next::translator: missingKey zhCN translation 关于噜噜 关于噜噜 @ http://localhost:5175/static/js/vendors-node_modules_katex_dist_katex_min_css-node_modules_lobehub_icons_es_index_js-node_mod-cc0141.js:340321
[  269950ms] [LOG] i18next::translator: missingKey zhCN translation 噜噜岛 噜噜岛 @ http://localhost:5175/static/js/vendors-node_modules_katex_dist_katex_min_css-node_modules_lobehub_icons_es_index_js-node_mod-cc0141.js:340321
[  269950ms] [LOG] i18next::translator: missingKey zhCN translation 噜噜小屋 噜噜小屋 @ http://localhost:5175/static/js/vendors-node_modules_katex_dist_katex_min_css-node_modules_lobehub_icons_es_index_js-node_mod-cc0141.js:340321
[  269950ms] [LOG] i18next::translator: missingKey zhCN translation 伙伴乐园 伙伴乐园 @ http://localhost:5175/static/js/vendors-node_modules_katex_dist_katex_min_css-node_modules_lobehub_icons_es_index_js-node_mod-cc0141.js:340321
[  269951ms] [LOG] i18next::translator: missingKey zhCN translation 排行榜 排行榜 @ http://localhost:5175/static/js/vendors-node_modules_katex_dist_katex_min_css-node_modules_lobehub_icons_es_index_js-node_mod-cc0141.js:340321
[  269951ms] [LOG] i18next::translator: missingKey zhCN translation 文档 文档 @ http://localhost:5175/static/js/vendors-node_modules_katex_dist_katex_min_css-node_modules_lobehub_icons_es_index_js-node_mod-cc0141.js:340321
[  269951ms] [LOG] i18next::translator: missingKey zhCN translation 关于噜噜 关于噜噜 @ http://localhost:5175/static/js/vendors-node_modules_katex_dist_katex_min_css-node_modules_lobehub_icons_es_index_js-node_mod-cc0141.js:340321
[  269988ms] [LOG] i18next::translator: missingKey zhCN translation 噜噜岛 噜噜岛 @ http://localhost:5175/static/js/vendors-node_modules_katex_dist_katex_min_css-node_modules_lobehub_icons_es_index_js-node_mod-cc0141.js:340321
[  269989ms] [LOG] i18next::translator: missingKey zhCN translation 噜噜小屋 噜噜小屋 @ http://localhost:5175/static/js/vendors-node_modules_katex_dist_katex_min_css-node_modules_lobehub_icons_es_index_js-node_mod-cc0141.js:340321
[  269989ms] [LOG] i18next::translator: missingKey zhCN translation 伙伴乐园 伙伴乐园 @ http://localhost:5175/static/js/vendors-node_modules_katex_dist_katex_min_css-node_modules_lobehub_icons_es_index_js-node_mod-cc0141.js:340321
[  269989ms] [LOG] i18next::translator: missingKey zhCN translation 排行榜 排行榜 @ http://localhost:5175/static/js/vendors-node_modules_katex_dist_katex_min_css-node_modules_lobehub_icons_es_index_js-node_mod-cc0141.js:340321
[  269989ms] [LOG] i18next::translator: missingKey zhCN translation 文档 文档 @ http://localhost:5175/static/js/vendors-node_modules_katex_dist_katex_min_css-node_modules_lobehub_icons_es_index_js-node_mod-cc0141.js:340321
[  269989ms] [LOG] i18next::translator: missingKey zhCN translation 关于噜噜 关于噜噜 @ http://localhost:5175/static/js/vendors-node_modules_katex_dist_katex_min_css-node_modules_lobehub_icons_es_index_js-node_mod-cc0141.js:340321
[  269990ms] [LOG] i18next::translator: missingKey zhCN translation 噜噜岛 噜噜岛 @ http://localhost:5175/static/js/vendors-node_modules_katex_dist_katex_min_css-node_modules_lobehub_icons_es_index_js-node_mod-cc0141.js:340321
[  269990ms] [LOG] i18next::translator: missingKey zhCN translation 噜噜小屋 噜噜小屋 @ http://localhost:5175/static/js/vendors-node_modules_katex_dist_katex_min_css-node_modules_lobehub_icons_es_index_js-node_mod-cc0141.js:340321
[  269990ms] [LOG] i18next::translator: missingKey zhCN translation 伙伴乐园 伙伴乐园 @ http://localhost:5175/static/js/vendors-node_modules_katex_dist_katex_min_css-node_modules_lobehub_icons_es_index_js-node_mod-cc0141.js:340321
[  269990ms] [LOG] i18next::translator: missingKey zhCN translation 排行榜 排行榜 @ http://localhost:5175/static/js/vendors-node_modules_katex_dist_katex_min_css-node_modules_lobehub_icons_es_index_js-node_mod-cc0141.js:340321
[  269990ms] [LOG] i18next::translator: missingKey zhCN translation 文档 文档 @ http://localhost:5175/static/js/vendors-node_modules_katex_dist_katex_min_css-node_modules_lobehub_icons_es_index_js-node_mod-cc0141.js:340321
[  269990ms] [LOG] i18next::translator: missingKey zhCN translation 关于噜噜 关于噜噜 @ http://localhost:5175/static/js/vendors-node_modules_katex_dist_katex_min_css-node_modules_lobehub_icons_es_index_js-node_mod-cc0141.js:340321
[  269991ms] [LOG] i18next::translator: missingKey zhCN translation 噜噜岛 噜噜岛 @ http://localhost:5175/static/js/vendors-node_modules_katex_dist_katex_min_css-node_modules_lobehub_icons_es_index_js-node_mod-cc0141.js:340321
[  269991ms] [LOG] i18next::translator: missingKey zhCN translation 噜噜小屋 噜噜小屋 @ http://localhost:5175/static/js/vendors-node_modules_katex_dist_katex_min_css-node_modules_lobehub_icons_es_index_js-node_mod-cc0141.js:340321
[  269991ms] [LOG] i18next::translator: missingKey zhCN translation 伙伴乐园 伙伴乐园 @ http://localhost:5175/static/js/vendors-node_modules_katex_dist_katex_min_css-node_modules_lobehub_icons_es_index_js-node_mod-cc0141.js:340321
[  269992ms] [LOG] i18next::translator: missingKey zhCN translation 排行榜 排行榜 @ http://localhost:5175/static/js/vendors-node_modules_katex_dist_katex_min_css-node_modules_lobehub_icons_es_index_js-node_mod-cc0141.js:340321
[  269992ms] [LOG] i18next::translator: missingKey zhCN translation 文档 文档 @ http://localhost:5175/static/js/vendors-node_modules_katex_dist_katex_min_css-node_modules_lobehub_icons_es_index_js-node_mod-cc0141.js:340321
[  269992ms] [LOG] i18next::translator: missingKey zhCN translation 关于噜噜 关于噜噜 @ http://localhost:5175/static/js/vendors-node_modules_katex_dist_katex_min_css-node_modules_lobehub_icons_es_index_js-node_mod-cc0141.js:340321
[  269992ms] [LOG] i18next::translator: missingKey zhCN translation 噜噜岛 噜噜岛 @ http://localhost:5175/static/js/vendors-node_modules_katex_dist_katex_min_css-node_modules_lobehub_icons_es_index_js-node_mod-cc0141.js:340321
[  269992ms] [LOG] i18next::translator: missingKey zhCN translation 噜噜小屋 噜噜小屋 @ http://localhost:5175/static/js/vendors-node_modules_katex_dist_katex_min_css-node_modules_lobehub_icons_es_index_js-node_mod-cc0141.js:340321
[  269993ms] [LOG] i18next::translator: missingKey zhCN translation 伙伴乐园 伙伴乐园 @ http://localhost:5175/static/js/vendors-node_modules_katex_dist_katex_min_css-node_modules_lobehub_icons_es_index_js-node_mod-cc0141.js:340321
[  269993ms] [LOG] i18next::translator: missingKey zhCN translation 排行榜 排行榜 @ http://localhost:5175/static/js/vendors-node_modules_katex_dist_katex_min_css-node_modules_lobehub_icons_es_index_js-node_mod-cc0141.js:340321
[  269993ms] [LOG] i18next::translator: missingKey zhCN translation 文档 文档 @ http://localhost:5175/static/js/vendors-node_modules_katex_dist_katex_min_css-node_modules_lobehub_icons_es_index_js-node_mod-cc0141.js:340321
[  269993ms] [LOG] i18next::translator: missingKey zhCN translation 关于噜噜 关于噜噜 @ http://localhost:5175/static/js/vendors-node_modules_katex_dist_katex_min_css-node_modules_lobehub_icons_es_index_js-node_mod-cc0141.js:340321
[  270012ms] [LOG] i18next::translator: missingKey zhCN translation 噜噜岛 噜噜岛 @ http://localhost:5175/static/js/vendors-node_modules_katex_dist_katex_min_css-node_modules_lobehub_icons_es_index_js-node_mod-cc0141.js:340321
[  270013ms] [LOG] i18next::translator: missingKey zhCN translation 噜噜小屋 噜噜小屋 @ http://localhost:5175/static/js/vendors-node_modules_katex_dist_katex_min_css-node_modules_lobehub_icons_es_index_js-node_mod-cc0141.js:340321
[  270013ms] [LOG] i18next::translator: missingKey zhCN translation 伙伴乐园 伙伴乐园 @ http://localhost:5175/static/js/vendors-node_modules_katex_dist_katex_min_css-node_modules_lobehub_icons_es_index_js-node_mod-cc0141.js:340321
[  270013ms] [LOG] i18next::translator: missingKey zhCN translation 排行榜 排行榜 @ http://localhost:5175/static/js/vendors-node_modules_katex_dist_katex_min_css-node_modules_lobehub_icons_es_index_js-node_mod-cc0141.js:340321
[  270013ms] [LOG] i18next::translator: missingKey zhCN translation 文档 文档 @ http://localhost:5175/static/js/vendors-node_modules_katex_dist_katex_min_css-node_modules_lobehub_icons_es_index_js-node_mod-cc0141.js:340321
[  270014ms] [LOG] i18next::translator: missingKey zhCN translation 关于噜噜 关于噜噜 @ http://localhost:5175/static/js/vendors-node_modules_katex_dist_katex_min_css-node_modules_lobehub_icons_es_index_js-node_mod-cc0141.js:340321
[  270015ms] [LOG] i18next::translator: missingKey zhCN translation 噜噜岛 噜噜岛 @ http://localhost:5175/static/js/vendors-node_modules_katex_dist_katex_min_css-node_modules_lobehub_icons_es_index_js-node_mod-cc0141.js:340321
[  270015ms] [LOG] i18next::translator: missingKey zhCN translation 噜噜小屋 噜噜小屋 @ http://localhost:5175/static/js/vendors-node_modules_katex_dist_katex_min_css-node_modules_lobehub_icons_es_index_js-node_mod-cc0141.js:340321
[  270015ms] [LOG] i18next::translator: missingKey zhCN translation 伙伴乐园 伙伴乐园 @ http://localhost:5175/static/js/vendors-node_modules_katex_dist_katex_min_css-node_modules_lobehub_icons_es_index_js-node_mod-cc0141.js:340321
[  270015ms] [LOG] i18next::translator: missingKey zhCN translation 排行榜 排行榜 @ http://localhost:5175/static/js/vendors-node_modules_katex_dist_katex_min_css-node_modules_lobehub_icons_es_index_js-node_mod-cc0141.js:340321
[  270016ms] [LOG] i18next::translator: missingKey zhCN translation 文档 文档 @ http://localhost:5175/static/js/vendors-node_modules_katex_dist_katex_min_css-node_modules_lobehub_icons_es_index_js-node_mod-cc0141.js:340321
[  270016ms] [LOG] i18next::translator: missingKey zhCN translation 关于噜噜 关于噜噜 @ http://localhost:5175/static/js/vendors-node_modules_katex_dist_katex_min_css-node_modules_lobehub_icons_es_index_js-node_mod-cc0141.js:340321
[  270017ms] [LOG] i18next::translator: missingKey zhCN translation 噜噜岛 噜噜岛 @ http://localhost:5175/static/js/vendors-node_modules_katex_dist_katex_min_css-node_modules_lobehub_icons_es_index_js-node_mod-cc0141.js:340321
[  270018ms] [LOG] i18next::translator: missingKey zhCN translation 噜噜小屋 噜噜小屋 @ http://localhost:5175/static/js/vendors-node_modules_katex_dist_katex_min_css-node_modules_lobehub_icons_es_index_js-node_mod-cc0141.js:340321
[  270018ms] [LOG] i18next::translator: missingKey zhCN translation 伙伴乐园 伙伴乐园 @ http://localhost:5175/static/js/vendors-node_modules_katex_dist_katex_min_css-node_modules_lobehub_icons_es_index_js-node_mod-cc0141.js:340321
[  270018ms] [LOG] i18next::translator: missingKey zhCN translation 排行榜 排行榜 @ http://localhost:5175/static/js/vendors-node_modules_katex_dist_katex_min_css-node_modules_lobehub_icons_es_index_js-node_mod-cc0141.js:340321
[  270018ms] [LOG] i18next::translator: missingKey zhCN translation 文档 文档 @ http://localhost:5175/static/js/vendors-node_modules_katex_dist_katex_min_css-node_modules_lobehub_icons_es_index_js-node_mod-cc0141.js:340321
[  270019ms] [LOG] i18next::translator: missingKey zhCN translation 关于噜噜 关于噜噜 @ http://localhost:5175/static/js/vendors-node_modules_katex_dist_katex_min_css-node_modules_lobehub_icons_es_index_js-node_mod-cc0141.js:340321
[  270019ms] [LOG] i18next::translator: missingKey zhCN translation 噜噜岛 噜噜岛 @ http://localhost:5175/static/js/vendors-node_modules_katex_dist_katex_min_css-node_modules_lobehub_icons_es_index_js-node_mod-cc0141.js:340321
[  270020ms] [LOG] i18next::translator: missingKey zhCN translation 噜噜小屋 噜噜小屋 @ http://localhost:5175/static/js/vendors-node_modules_katex_dist_katex_min_css-node_modules_lobehub_icons_es_index_js-node_mod-cc0141.js:340321
[  270020ms] [LOG] i18next::translator: missingKey zhCN translation 伙伴乐园 伙伴乐园 @ http://localhost:5175/static/js/vendors-node_modules_katex_dist_katex_min_css-node_modules_lobehub_icons_es_index_js-node_mod-cc0141.js:340321
[  270020ms] [LOG] i18next::translator: missingKey zhCN translation 排行榜 排行榜 @ http://localhost:5175/static/js/vendors-node_modules_katex_dist_katex_min_css-node_modules_lobehub_icons_es_index_js-node_mod-cc0141.js:340321
[  270020ms] [LOG] i18next::translator: missingKey zhCN translation 文档 文档 @ http://localhost:5175/static/js/vendors-node_modules_katex_dist_katex_min_css-node_modules_lobehub_icons_es_index_js-node_mod-cc0141.js:340321
[  270020ms] [LOG] i18next::translator: missingKey zhCN translation 关于噜噜 关于噜噜 @ http://localhost:5175/static/js/vendors-node_modules_katex_dist_katex_min_css-node_modules_lobehub_icons_es_index_js-node_mod-cc0141.js:340321
[  270046ms] [LOG] i18next::translator: missingKey zhCN translation 噜噜岛 噜噜岛 @ http://localhost:5175/static/js/vendors-node_modules_katex_dist_katex_min_css-node_modules_lobehub_icons_es_index_js-node_mod-cc0141.js:340321
[  270046ms] [LOG] i18next::translator: missingKey zhCN translation 噜噜小屋 噜噜小屋 @ http://localhost:5175/static/js/vendors-node_modules_katex_dist_katex_min_css-node_modules_lobehub_icons_es_index_js-node_mod-cc0141.js:340321
[  270047ms] [LOG] i18next::translator: missingKey zhCN translation 伙伴乐园 伙伴乐园 @ http://localhost:5175/static/js/vendors-node_modules_katex_dist_katex_min_css-node_modules_lobehub_icons_es_index_js-node_mod-cc0141.js:340321
[  270047ms] [LOG] i18next::translator: missingKey zhCN translation 排行榜 排行榜 @ http://localhost:5175/static/js/vendors-node_modules_katex_dist_katex_min_css-node_modules_lobehub_icons_es_index_js-node_mod-cc0141.js:340321
[  270047ms] [LOG] i18next::translator: missingKey zhCN translation 文档 文档 @ http://localhost:5175/static/js/vendors-node_modules_katex_dist_katex_min_css-node_modules_lobehub_icons_es_index_js-node_mod-cc0141.js:340321
[  270047ms] [LOG] i18next::translator: missingKey zhCN translation 关于噜噜 关于噜噜 @ http://localhost:5175/static/js/vendors-node_modules_katex_dist_katex_min_css-node_modules_lobehub_icons_es_index_js-node_mod-cc0141.js:340321
[  270047ms] [LOG] i18next::translator: missingKey zhCN translation 噜噜岛 噜噜岛 @ http://localhost:5175/static/js/vendors-node_modules_katex_dist_katex_min_css-node_modules_lobehub_icons_es_index_js-node_mod-cc0141.js:340321
[  270048ms] [LOG] i18next::translator: missingKey zhCN translation 噜噜小屋 噜噜小屋 @ http://localhost:5175/static/js/vendors-node_modules_katex_dist_katex_min_css-node_modules_lobehub_icons_es_index_js-node_mod-cc0141.js:340321
[  270048ms] [LOG] i18next::translator: missingKey zhCN translation 伙伴乐园 伙伴乐园 @ http://localhost:5175/static/js/vendors-node_modules_katex_dist_katex_min_css-node_modules_lobehub_icons_es_index_js-node_mod-cc0141.js:340321
[  270048ms] [LOG] i18next::translator: missingKey zhCN translation 排行榜 排行榜 @ http://localhost:5175/static/js/vendors-node_modules_katex_dist_katex_min_css-node_modules_lobehub_icons_es_index_js-node_mod-cc0141.js:340321
[  270048ms] [LOG] i18next::translator: missingKey zhCN translation 文档 文档 @ http://localhost:5175/static/js/vendors-node_modules_katex_dist_katex_min_css-node_modules_lobehub_icons_es_index_js-node_mod-cc0141.js:340321
[  270048ms] [LOG] i18next::translator: missingKey zhCN translation 关于噜噜 关于噜噜 @ http://localhost:5175/static/js/vendors-node_modules_katex_dist_katex_min_css-node_modules_lobehub_icons_es_index_js-node_mod-cc0141.js:340321
[  270049ms] [LOG] i18next::translator: missingKey zhCN translation 噜噜岛 噜噜岛 @ http://localhost:5175/static/js/vendors-node_modules_katex_dist_katex_min_css-node_modules_lobehub_icons_es_index_js-node_mod-cc0141.js:340321
[  270049ms] [LOG] i18next::translator: missingKey zhCN translation 噜噜小屋 噜噜小屋 @ http://localhost:5175/static/js/vendors-node_modules_katex_dist_katex_min_css-node_modules_lobehub_icons_es_index_js-node_mod-cc0141.js:340321
[  270049ms] [LOG] i18next::translator: missingKey zhCN translation 伙伴乐园 伙伴乐园 @ http://localhost:5175/static/js/vendors-node_modules_katex_dist_katex_min_css-node_modules_lobehub_icons_es_index_js-node_mod-cc0141.js:340321
[  270049ms] [LOG] i18next::translator: missingKey zhCN translation 排行榜 排行榜 @ http://localhost:5175/static/js/vendors-node_modules_katex_dist_katex_min_css-node_modules_lobehub_icons_es_index_js-node_mod-cc0141.js:340321
[  270050ms] [LOG] i18next::translator: missingKey zhCN translation 文档 文档 @ http://localhost:5175/static/js/vendors-node_modules_katex_dist_katex_min_css-node_modules_lobehub_icons_es_index_js-node_mod-cc0141.js:340321
[  270050ms] [LOG] i18next::translator: missingKey zhCN translation 关于噜噜 关于噜噜 @ http://localhost:5175/static/js/vendors-node_modules_katex_dist_katex_min_css-node_modules_lobehub_icons_es_index_js-node_mod-cc0141.js:340321
[  270050ms] [LOG] i18next::translator: missingKey zhCN translation 噜噜岛 噜噜岛 @ http://localhost:5175/static/js/vendors-node_modules_katex_dist_katex_min_css-node_modules_lobehub_icons_es_index_js-node_mod-cc0141.js:340321
[  270050ms] [LOG] i18next::translator: missingKey zhCN translation 噜噜小屋 噜噜小屋 @ http://localhost:5175/static/js/vendors-node_modules_katex_dist_katex_min_css-node_modules_lobehub_icons_es_index_js-node_mod-cc0141.js:340321
[  270050ms] [LOG] i18next::translator: missingKey zhCN translation 伙伴乐园 伙伴乐园 @ http://localhost:5175/static/js/vendors-node_modules_katex_dist_katex_min_css-node_modules_lobehub_icons_es_index_js-node_mod-cc0141.js:340321
[  270050ms] [LOG] i18next::translator: missingKey zhCN translation 排行榜 排行榜 @ http://localhost:5175/static/js/vendors-node_modules_katex_dist_katex_min_css-node_modules_lobehub_icons_es_index_js-node_mod-cc0141.js:340321
[  270050ms] [LOG] i18next::translator: missingKey zhCN translation 文档 文档 @ http://localhost:5175/static/js/vendors-node_modules_katex_dist_katex_min_css-node_modules_lobehub_icons_es_index_js-node_mod-cc0141.js:340321
[  270050ms] [LOG] i18next::translator: missingKey zhCN translation 关于噜噜 关于噜噜 @ http://localhost:5175/static/js/vendors-node_modules_katex_dist_katex_min_css-node_modules_lobehub_icons_es_index_js-node_mod-cc0141.js:340321
[  270064ms] [LOG] i18next::translator: missingKey zhCN translation 噜噜岛 噜噜岛 @ http://localhost:5175/static/js/vendors-node_modules_katex_dist_katex_min_css-node_modules_lobehub_icons_es_index_js-node_mod-cc0141.js:340321
[  270064ms] [LOG] i18next::translator: missingKey zhCN translation 噜噜小屋 噜噜小屋 @ http://localhost:5175/static/js/vendors-node_modules_katex_dist_katex_min_css-node_modules_lobehub_icons_es_index_js-node_mod-cc0141.js:340321
[  270064ms] [LOG] i18next::translator: missingKey zhCN translation 伙伴乐园 伙伴乐园 @ http://localhost:5175/static/js/vendors-node_modules_katex_dist_katex_min_css-node_modules_lobehub_icons_es_index_js-node_mod-cc0141.js:340321
[  270064ms] [LOG] i18next::translator: missingKey zhCN translation 排行榜 排行榜 @ http://localhost:5175/static/js/vendors-node_modules_katex_dist_katex_min_css-node_modules_lobehub_icons_es_index_js-node_mod-cc0141.js:340321
[  270064ms] [LOG] i18next::translator: missingKey zhCN translation 文档 文档 @ http://localhost:5175/static/js/vendors-node_modules_katex_dist_katex_min_css-node_modules_lobehub_icons_es_index_js-node_mod-cc0141.js:340321
[  270064ms] [LOG] i18next::translator: missingKey zhCN translation 关于噜噜 关于噜噜 @ http://localhost:5175/static/js/vendors-node_modules_katex_dist_katex_min_css-node_modules_lobehub_icons_es_index_js-node_mod-cc0141.js:340321
[  270065ms] [LOG] i18next::translator: missingKey zhCN translation 噜噜岛 噜噜岛 @ http://localhost:5175/static/js/vendors-node_modules_katex_dist_katex_min_css-node_modules_lobehub_icons_es_index_js-node_mod-cc0141.js:340321
[  270065ms] [LOG] i18next::translator: missingKey zhCN translation 噜噜小屋 噜噜小屋 @ http://localhost:5175/static/js/vendors-node_modules_katex_dist_katex_min_css-node_modules_lobehub_icons_es_index_js-node_mod-cc0141.js:340321
[  270065ms] [LOG] i18next::translator: missingKey zhCN translation 伙伴乐园 伙伴乐园 @ http://localhost:5175/static/js/vendors-node_modules_katex_dist_katex_min_css-node_modules_lobehub_icons_es_index_js-node_mod-cc0141.js:340321
[  270065ms] [LOG] i18next::translator: missingKey zhCN translation 排行榜 排行榜 @ http://localhost:5175/static/js/vendors-node_modules_katex_dist_katex_min_css-node_modules_lobehub_icons_es_index_js-node_mod-cc0141.js:340321
[  270066ms] [LOG] i18next::translator: missingKey zhCN translation 文档 文档 @ http://localhost:5175/static/js/vendors-node_modules_katex_dist_katex_min_css-node_modules_lobehub_icons_es_index_js-node_mod-cc0141.js:340321
[  270066ms] [LOG] i18next::translator: missingKey zhCN translation 关于噜噜 关于噜噜 @ http://localhost:5175/static/js/vendors-node_modules_katex_dist_katex_min_css-node_modules_lobehub_icons_es_index_js-node_mod-cc0141.js:340321
[  270067ms] [LOG] i18next::translator: missingKey zhCN translation 噜噜岛 噜噜岛 @ http://localhost:5175/static/js/vendors-node_modules_katex_dist_katex_min_css-node_modules_lobehub_icons_es_index_js-node_mod-cc0141.js:340321
[  270067ms] [LOG] i18next::translator: missingKey zhCN translation 噜噜小屋 噜噜小屋 @ http://localhost:5175/static/js/vendors-node_modules_katex_dist_katex_min_css-node_modules_lobehub_icons_es_index_js-node_mod-cc0141.js:340321
[  270067ms] [LOG] i18next::translator: missingKey zhCN translation 伙伴乐园 伙伴乐园 @ http://localhost:5175/static/js/vendors-node_modules_katex_dist_katex_min_css-node_modules_lobehub_icons_es_index_js-node_mod-cc0141.js:340321
[  270067ms] [LOG] i18next::translator: missingKey zhCN translation 排行榜 排行榜 @ http://localhost:5175/static/js/vendors-node_modules_katex_dist_katex_min_css-node_modules_lobehub_icons_es_index_js-node_mod-cc0141.js:340321
[  270067ms] [LOG] i18next::translator: missingKey zhCN translation 文档 文档 @ http://localhost:5175/static/js/vendors-node_modules_katex_dist_katex_min_css-node_modules_lobehub_icons_es_index_js-node_mod-cc0141.js:340321
[  270068ms] [LOG] i18next::translator: missingKey zhCN translation 关于噜噜 关于噜噜 @ http://localhost:5175/static/js/vendors-node_modules_katex_dist_katex_min_css-node_modules_lobehub_icons_es_index_js-node_mod-cc0141.js:340321
[  270068ms] [LOG] i18next::translator: missingKey zhCN translation 噜噜岛 噜噜岛 @ http://localhost:5175/static/js/vendors-node_modules_katex_dist_katex_min_css-node_modules_lobehub_icons_es_index_js-node_mod-cc0141.js:340321
[  270068ms] [LOG] i18next::translator: missingKey zhCN translation 噜噜小屋 噜噜小屋 @ http://localhost:5175/static/js/vendors-node_modules_katex_dist_katex_min_css-node_modules_lobehub_icons_es_index_js-node_mod-cc0141.js:340321
[  270068ms] [LOG] i18next::translator: missingKey zhCN translation 伙伴乐园 伙伴乐园 @ http://localhost:5175/static/js/vendors-node_modules_katex_dist_katex_min_css-node_modules_lobehub_icons_es_index_js-node_mod-cc0141.js:340321
[  270068ms] [LOG] i18next::translator: missingKey zhCN translation 排行榜 排行榜 @ http://localhost:5175/static/js/vendors-node_modules_katex_dist_katex_min_css-node_modules_lobehub_icons_es_index_js-node_mod-cc0141.js:340321
[  270068ms] [LOG] i18next::translator: missingKey zhCN translation 文档 文档 @ http://localhost:5175/static/js/vendors-node_modules_katex_dist_katex_min_css-node_modules_lobehub_icons_es_index_js-node_mod-cc0141.js:340321
[  270068ms] [LOG] i18next::translator: missingKey zhCN translation 关于噜噜 关于噜噜 @ http://localhost:5175/static/js/vendors-node_modules_katex_dist_katex_min_css-node_modules_lobehub_icons_es_index_js-node_mod-cc0141.js:340321
[  270081ms] [INFO] [rsbuild] WebSocket connected. @ http://localhost:5175/static/js/vendors-node_modules_katex_dist_katex_min_css-node_modules_lobehub_icons_es_index_js-node_mod-cc0141.js:272395
[  270089ms] [LOG] i18next::translator: missingKey zhCN translation 噜噜岛 噜噜岛 @ http://localhost:5175/static/js/vendors-node_modules_katex_dist_katex_min_css-node_modules_lobehub_icons_es_index_js-node_mod-cc0141.js:340321
[  270089ms] [LOG] i18next::translator: missingKey zhCN translation 噜噜小屋 噜噜小屋 @ http://localhost:5175/static/js/vendors-node_modules_katex_dist_katex_min_css-node_modules_lobehub_icons_es_index_js-node_mod-cc0141.js:340321
[  270089ms] [LOG] i18next::translator: missingKey zhCN translation 伙伴乐园 伙伴乐园 @ http://localhost:5175/static/js/vendors-node_modules_katex_dist_katex_min_css-node_modules_lobehub_icons_es_index_js-node_mod-cc0141.js:340321
[  270089ms] [LOG] i18next::translator: missingKey zhCN translation 排行榜 排行榜 @ http://localhost:5175/static/js/vendors-node_modules_katex_dist_katex_min_css-node_modules_lobehub_icons_es_index_js-node_mod-cc0141.js:340321
[  270089ms] [LOG] i18next::translator: missingKey zhCN translation 文档 文档 @ http://localhost:5175/static/js/vendors-node_modules_katex_dist_katex_min_css-node_modules_lobehub_icons_es_index_js-node_mod-cc0141.js:340321
[  270089ms] [LOG] i18next::translator: missingKey zhCN translation 关于噜噜 关于噜噜 @ http://localhost:5175/static/js/vendors-node_modules_katex_dist_katex_min_css-node_modules_lobehub_icons_es_index_js-node_mod-cc0141.js:340321
[  270090ms] [LOG] i18next::translator: missingKey zhCN translation 噜噜岛 噜噜岛 @ http://localhost:5175/static/js/vendors-node_modules_katex_dist_katex_min_css-node_modules_lobehub_icons_es_index_js-node_mod-cc0141.js:340321
[  270090ms] [LOG] i18next::translator: missingKey zhCN translation 噜噜小屋 噜噜小屋 @ http://localhost:5175/static/js/vendors-node_modules_katex_dist_katex_min_css-node_modules_lobehub_icons_es_index_js-node_mod-cc0141.js:340321
[  270090ms] [LOG] i18next::translator: missingKey zhCN translation 伙伴乐园 伙伴乐园 @ http://localhost:5175/static/js/vendors-node_modules_katex_dist_katex_min_css-node_modules_lobehub_icons_es_index_js-node_mod-cc0141.js:340321
[  270090ms] [LOG] i18next::translator: missingKey zhCN translation 排行榜 排行榜 @ http://localhost:5175/static/js/vendors-node_modules_katex_dist_katex_min_css-node_modules_lobehub_icons_es_index_js-node_mod-cc0141.js:340321
[  270090ms] [LOG] i18next::translator: missingKey zhCN translation 文档 文档 @ http://localhost:5175/static/js/vendors-node_modules_katex_dist_katex_min_css-node_modules_lobehub_icons_es_index_js-node_mod-cc0141.js:340321
[  270091ms] [LOG] i18next::translator: missingKey zhCN translation 关于噜噜 关于噜噜 @ http://localhost:5175/static/js/vendors-node_modules_katex_dist_katex_min_css-node_modules_lobehub_icons_es_index_js-node_mod-cc0141.js:340321
[  270092ms] [LOG] i18next::translator: missingKey zhCN translation 噜噜岛 噜噜岛 @ http://localhost:5175/static/js/vendors-node_modules_katex_dist_katex_min_css-node_modules_lobehub_icons_es_index_js-node_mod-cc0141.js:340321
[  270092ms] [LOG] i18next::translator: missingKey zhCN translation 噜噜小屋 噜噜小屋 @ http://localhost:5175/static/js/vendors-node_modules_katex_dist_katex_min_css-node_modules_lobehub_icons_es_index_js-node_mod-cc0141.js:340321
[  270093ms] [LOG] i18next::translator: missingKey zhCN translation 伙伴乐园 伙伴乐园 @ http://localhost:5175/static/js/vendors-node_modules_katex_dist_katex_min_css-node_modules_lobehub_icons_es_index_js-node_mod-cc0141.js:340321
[  270093ms] [LOG] i18next::translator: missingKey zhCN translation 排行榜 排行榜 @ http://localhost:5175/static/js/vendors-node_modules_katex_dist_katex_min_css-node_modules_lobehub_icons_es_index_js-node_mod-cc0141.js:340321
[  270093ms] [LOG] i18next::translator: missingKey zhCN translation 文档 文档 @ http://localhost:5175/static/js/vendors-node_modules_katex_dist_katex_min_css-node_modules_lobehub_icons_es_index_js-node_mod-cc0141.js:340321
[  270093ms] [LOG] i18next::translator: missingKey zhCN translation 关于噜噜 关于噜噜 @ http://localhost:5175/static/js/vendors-node_modules_katex_dist_katex_min_css-node_modules_lobehub_icons_es_index_js-node_mod-cc0141.js:340321
[  270094ms] [LOG] i18next::translator: missingKey zhCN translation 噜噜岛 噜噜岛 @ http://localhost:5175/static/js/vendors-node_modules_katex_dist_katex_min_css-node_modules_lobehub_icons_es_index_js-node_mod-cc0141.js:340321
[  270094ms] [LOG] i18next::translator: missingKey zhCN translation 噜噜小屋 噜噜小屋 @ http://localhost:5175/static/js/vendors-node_modules_katex_dist_katex_min_css-node_modules_lobehub_icons_es_index_js-node_mod-cc0141.js:340321
[  270094ms] [LOG] i18next::translator: missingKey zhCN translation 伙伴乐园 伙伴乐园 @ http://localhost:5175/static/js/vendors-node_modules_katex_dist_katex_min_css-node_modules_lobehub_icons_es_index_js-node_mod-cc0141.js:340321
[  270094ms] [LOG] i18next::translator: missingKey zhCN translation 排行榜 排行榜 @ http://localhost:5175/static/js/vendors-node_modules_katex_dist_katex_min_css-node_modules_lobehub_icons_es_index_js-node_mod-cc0141.js:340321
[  270095ms] [LOG] i18next::translator: missingKey zhCN translation 文档 文档 @ http://localhost:5175/static/js/vendors-node_modules_katex_dist_katex_min_css-node_modules_lobehub_icons_es_index_js-node_mod-cc0141.js:340321
[  270095ms] [LOG] i18next::translator: missingKey zhCN translation 关于噜噜 关于噜噜 @ http://localhost:5175/static/js/vendors-node_modules_katex_dist_katex_min_css-node_modules_lobehub_icons_es_index_js-node_mod-cc0141.js:340321
[  270113ms] [LOG] i18next::translator: missingKey zhCN translation 噜噜岛 噜噜岛 @ http://localhost:5175/static/js/vendors-node_modules_katex_dist_katex_min_css-node_modules_lobehub_icons_es_index_js-node_mod-cc0141.js:340321
[  270113ms] [LOG] i18next::translator: missingKey zhCN translation 噜噜小屋 噜噜小屋 @ http://localhost:5175/static/js/vendors-node_modules_katex_dist_katex_min_css-node_modules_lobehub_icons_es_index_js-node_mod-cc0141.js:340321
[  270113ms] [LOG] i18next::translator: missingKey zhCN translation 伙伴乐园 伙伴乐园 @ http://localhost:5175/static/js/vendors-node_modules_katex_dist_katex_min_css-node_modules_lobehub_icons_es_index_js-node_mod-cc0141.js:340321
[  270113ms] [LOG] i18next::translator: missingKey zhCN translation 排行榜 排行榜 @ http://localhost:5175/static/js/vendors-node_modules_katex_dist_katex_min_css-node_modules_lobehub_icons_es_index_js-node_mod-cc0141.js:340321
[  270114ms] [LOG] i18next::translator: missingKey zhCN translation 文档 文档 @ http://localhost:5175/static/js/vendors-node_modules_katex_dist_katex_min_css-node_modules_lobehub_icons_es_index_js-node_mod-cc0141.js:340321
[  270114ms] [LOG] i18next::translator: missingKey zhCN translation 关于噜噜 关于噜噜 @ http://localhost:5175/static/js/vendors-node_modules_katex_dist_katex_min_css-node_modules_lobehub_icons_es_index_js-node_mod-cc0141.js:340321
[  270114ms] [LOG] i18next::translator: missingKey zhCN translation 噜噜岛 噜噜岛 @ http://localhost:5175/static/js/vendors-node_modules_katex_dist_katex_min_css-node_modules_lobehub_icons_es_index_js-node_mod-cc0141.js:340321
[  270114ms] [LOG] i18next::translator: missingKey zhCN translation 噜噜小屋 噜噜小屋 @ http://localhost:5175/static/js/vendors-node_modules_katex_dist_katex_min_css-node_modules_lobehub_icons_es_index_js-node_mod-cc0141.js:340321
[  270115ms] [LOG] i18next::translator: missingKey zhCN translation 伙伴乐园 伙伴乐园 @ http://localhost:5175/static/js/vendors-node_modules_katex_dist_katex_min_css-node_modules_lobehub_icons_es_index_js-node_mod-cc0141.js:340321
[  270115ms] [LOG] i18next::translator: missingKey zhCN translation 排行榜 排行榜 @ http://localhost:5175/static/js/vendors-node_modules_katex_dist_katex_min_css-node_modules_lobehub_icons_es_index_js-node_mod-cc0141.js:340321
[  270115ms] [LOG] i18next::translator: missingKey zhCN translation 文档 文档 @ http://localhost:5175/static/js/vendors-node_modules_katex_dist_katex_min_css-node_modules_lobehub_icons_es_index_js-node_mod-cc0141.js:340321
[  270115ms] [LOG] i18next::translator: missingKey zhCN translation 关于噜噜 关于噜噜 @ http://localhost:5175/static/js/vendors-node_modules_katex_dist_katex_min_css-node_modules_lobehub_icons_es_index_js-node_mod-cc0141.js:340321
[  270116ms] [LOG] i18next::translator: missingKey zhCN translation 噜噜岛 噜噜岛 @ http://localhost:5175/static/js/vendors-node_modules_katex_dist_katex_min_css-node_modules_lobehub_icons_es_index_js-node_mod-cc0141.js:340321
[  270116ms] [LOG] i18next::translator: missingKey zhCN translation 噜噜小屋 噜噜小屋 @ http://localhost:5175/static/js/vendors-node_modules_katex_dist_katex_min_css-node_modules_lobehub_icons_es_index_js-node_mod-cc0141.js:340321
[  270117ms] [LOG] i18next::translator: missingKey zhCN translation 伙伴乐园 伙伴乐园 @ http://localhost:5175/static/js/vendors-node_modules_katex_dist_katex_min_css-node_modules_lobehub_icons_es_index_js-node_mod-cc0141.js:340321
[  270117ms] [LOG] i18next::translator: missingKey zhCN translation 排行榜 排行榜 @ http://localhost:5175/static/js/vendors-node_modules_katex_dist_katex_min_css-node_modules_lobehub_icons_es_index_js-node_mod-cc0141.js:340321
[  270117ms] [LOG] i18next::translator: missingKey zhCN translation 文档 文档 @ http://localhost:5175/static/js/vendors-node_modules_katex_dist_katex_min_css-node_modules_lobehub_icons_es_index_js-node_mod-cc0141.js:340321
[  270117ms] [LOG] i18next::translator: missingKey zhCN translation 关于噜噜 关于噜噜 @ http://localhost:5175/static/js/vendors-node_modules_katex_dist_katex_min_css-node_modules_lobehub_icons_es_index_js-node_mod-cc0141.js:340321
[  270118ms] [LOG] i18next::translator: missingKey zhCN translation 噜噜岛 噜噜岛 @ http://localhost:5175/static/js/vendors-node_modules_katex_dist_katex_min_css-node_modules_lobehub_icons_es_index_js-node_mod-cc0141.js:340321
[  270118ms] [LOG] i18next::translator: missingKey zhCN translation 噜噜小屋 噜噜小屋 @ http://localhost:5175/static/js/vendors-node_modules_katex_dist_katex_min_css-node_modules_lobehub_icons_es_index_js-node_mod-cc0141.js:340321
[  270118ms] [LOG] i18next::translator: missingKey zhCN translation 伙伴乐园 伙伴乐园 @ http://localhost:5175/static/js/vendors-node_modules_katex_dist_katex_min_css-node_modules_lobehub_icons_es_index_js-node_mod-cc0141.js:340321
[  270118ms] [LOG] i18next::translator: missingKey zhCN translation 排行榜 排行榜 @ http://localhost:5175/static/js/vendors-node_modules_katex_dist_katex_min_css-node_modules_lobehub_icons_es_index_js-node_mod-cc0141.js:340321
[  270119ms] [LOG] i18next::translator: missingKey zhCN translation 文档 文档 @ http://localhost:5175/static/js/vendors-node_modules_katex_dist_katex_min_css-node_modules_lobehub_icons_es_index_js-node_mod-cc0141.js:340321
[  270119ms] [LOG] i18next::translator: missingKey zhCN translation 关于噜噜 关于噜噜 @ http://localhost:5175/static/js/vendors-node_modules_katex_dist_katex_min_css-node_modules_lobehub_icons_es_index_js-node_mod-cc0141.js:340321
[  271012ms] [INFO] [rsbuild] WebSocket connecting... @ http://localhost:5175/static/js/vendors-node_modules_katex_dist_katex_min_css-node_modules_lobehub_icons_es_index_js-node_mod-cc0141.js:272395
[  271015ms] [INFO] %cDownload the React DevTools for a better development experience: https://react.dev/link/react-devtools font-weight:bold @ http://localhost:5175/static/js/lib-react.js:28005
[  271030ms] [LOG] i18next: languageChanged zhCN @ http://localhost:5175/static/js/vendors-node_modules_katex_dist_katex_min_css-node_modules_lobehub_icons_es_index_js-node_mod-cc0141.js:340321
[  271030ms] [LOG] i18next: initialized {debug: true, initAsync: true, ns: Array(1), defaultNS: Array(1), fallbackLng: Array(1)} @ http://localhost:5175/static/js/vendors-node_modules_katex_dist_katex_min_css-node_modules_lobehub_icons_es_index_js-node_mod-cc0141.js:340321
[  271475ms] [INFO] [rsbuild] WebSocket connected. @ http://localhost:5175/static/js/vendors-node_modules_katex_dist_katex_min_css-node_modules_lobehub_icons_es_index_js-node_mod-cc0141.js:272395
[  377116ms] [LOG] [HMR] Reload all CSS @ http://localhost:5175/static/js/vendors-node_modules_katex_dist_katex_min_css-node_modules_lobehub_icons_es_index_js-node_mod-cc0141.js:310559
[  377116ms] [ERROR] [rsbuild] HMR update failed, performing full reload: Error: Aborted because ./src/i18n/locales/en.json is not accepted
Update propagation: ./src/i18n/locales/en.json -> ./src/i18n/config.ts -> ./src/main.tsx
    at hotApplyHandler (http://localhost:5175/static/js/index.js:262438:20)
    at http://localhost:5175/static/js/index.js:261857:10
    at Array.map (<anonymous>)
    at internalApply (http://localhost:5175/static/js/index.js:261856:43)
    at http://localhost:5175/static/js/index.js:261831:15
    at waitForBlockingPromises (http://localhost:5175/static/js/index.js:261784:37)
    at http://localhost:5175/static/js/index.js:261829:13 @ http://localhost:5175/static/js/vendors-node_modules_katex_dist_katex_min_css-node_modules_lobehub_icons_es_index_js-node_mod-cc0141.js:272409
[  377793ms] [INFO] [rsbuild] WebSocket connecting... @ http://localhost:5175/static/js/vendors-node_modules_katex_dist_katex_min_css-node_modules_lobehub_icons_es_index_js-node_mod-cc0141.js:272395
[  377798ms] [INFO] %cDownload the React DevTools for a better development experience: https://react.dev/link/react-devtools font-weight:bold @ http://localhost:5175/static/js/lib-react.js:28005
[  377821ms] [LOG] i18next: languageChanged zhCN @ http://localhost:5175/static/js/vendors-node_modules_katex_dist_katex_min_css-node_modules_lobehub_icons_es_index_js-node_mod-cc0141.js:340321
[  377821ms] [LOG] i18next: initialized {debug: true, initAsync: true, ns: Array(1), defaultNS: Array(1), fallbackLng: Array(1)} @ http://localhost:5175/static/js/vendors-node_modules_katex_dist_katex_min_css-node_modules_lobehub_icons_es_index_js-node_mod-cc0141.js:340321
[  378259ms] [INFO] [rsbuild] WebSocket connected. @ http://localhost:5175/static/js/vendors-node_modules_katex_dist_katex_min_css-node_modules_lobehub_icons_es_index_js-node_mod-cc0141.js:272395
[  428185ms] [LOG] [HMR] Reload all CSS @ http://localhost:5175/static/js/vendors-node_modules_katex_dist_katex_min_css-node_modules_lobehub_icons_es_index_js-node_mod-cc0141.js:310559
[  428220ms] [LOG] [HMR] Reload all CSS @ http://localhost:5175/static/js/vendors-node_modules_katex_dist_katex_min_css-node_modules_lobehub_icons_es_index_js-node_mod-cc0141.js:310559
[  436906ms] [LOG] [HMR] Reload all CSS @ http://localhost:5175/static/js/vendors-node_modules_katex_dist_katex_min_css-node_modules_lobehub_icons_es_index_js-node_mod-cc0141.js:310559
[  436932ms] [LOG] [HMR] Reload all CSS @ http://localhost:5175/static/js/vendors-node_modules_katex_dist_katex_min_css-node_modules_lobehub_icons_es_index_js-node_mod-cc0141.js:310559
[  488387ms] [ERROR] [rsbuild] HMR update failed, performing full reload: Error: Aborted because ./src/lib/site-brand.ts is not accepted
Update propagation: ./src/lib/site-brand.ts -> ./src/main.tsx
    at hotApplyHandler (http://localhost:5175/static/js/index.js:262449:20)
    at http://localhost:5175/static/js/index.js:261868:10
    at Array.map (<anonymous>)
    at internalApply (http://localhost:5175/static/js/index.js:261867:43)
    at http://localhost:5175/static/js/index.js:261842:15
    at waitForBlockingPromises (http://localhost:5175/static/js/index.js:261795:37)
    at http://localhost:5175/static/js/index.js:261840:13 @ http://localhost:5175/static/js/vendors-node_modules_katex_dist_katex_min_css-node_modules_lobehub_icons_es_index_js-node_mod-cc0141.js:272409
[  489105ms] [INFO] [rsbuild] WebSocket connecting... @ http://localhost:5175/static/js/vendors-node_modules_katex_dist_katex_min_css-node_modules_lobehub_icons_es_index_js-node_mod-cc0141.js:272395
[  489113ms] [INFO] %cDownload the React DevTools for a better development experience: https://react.dev/link/react-devtools font-weight:bold @ http://localhost:5175/static/js/lib-react.js:28005
[  489141ms] [LOG] i18next: languageChanged zhCN @ http://localhost:5175/static/js/vendors-node_modules_katex_dist_katex_min_css-node_modules_lobehub_icons_es_index_js-node_mod-cc0141.js:340321
[  489141ms] [LOG] i18next: initialized {debug: true, initAsync: true, ns: Array(1), defaultNS: Array(1), fallbackLng: Array(1)} @ http://localhost:5175/static/js/vendors-node_modules_katex_dist_katex_min_css-node_modules_lobehub_icons_es_index_js-node_mod-cc0141.js:340321
[  489542ms] [INFO] [rsbuild] WebSocket connected. @ http://localhost:5175/static/js/vendors-node_modules_katex_dist_katex_min_css-node_modules_lobehub_icons_es_index_js-node_mod-cc0141.js:272395
[  550515ms] [INFO] [rsbuild] WebSocket connecting... @ http://localhost:5175/static/js/vendors-node_modules_katex_dist_katex_min_css-node_modules_lobehub_icons_es_index_js-node_mod-cc0141.js:272395
[  550518ms] [INFO] %cDownload the React DevTools for a better development experience: https://react.dev/link/react-devtools font-weight:bold @ http://localhost:5175/static/js/lib-react.js:28005
[  550533ms] [LOG] i18next: languageChanged zhCN @ http://localhost:5175/static/js/vendors-node_modules_katex_dist_katex_min_css-node_modules_lobehub_icons_es_index_js-node_mod-cc0141.js:340321
[  550533ms] [LOG] i18next: initialized {debug: true, initAsync: true, ns: Array(1), defaultNS: Array(1), fallbackLng: Array(1)} @ http://localhost:5175/static/js/vendors-node_modules_katex_dist_katex_min_css-node_modules_lobehub_icons_es_index_js-node_mod-cc0141.js:340321
[  550686ms] [LOG] i18next::translator: missingKey zhCN translation 噜噜岛 噜噜岛 @ http://localhost:5175/static/js/vendors-node_modules_katex_dist_katex_min_css-node_modules_lobehub_icons_es_index_js-node_mod-cc0141.js:340321
[  550686ms] [LOG] i18next::translator: missingKey zhCN translation 噜噜小屋 噜噜小屋 @ http://localhost:5175/static/js/vendors-node_modules_katex_dist_katex_min_css-node_modules_lobehub_icons_es_index_js-node_mod-cc0141.js:340321
[  550686ms] [LOG] i18next::translator: missingKey zhCN translation 伙伴乐园 伙伴乐园 @ http://localhost:5175/static/js/vendors-node_modules_katex_dist_katex_min_css-node_modules_lobehub_icons_es_index_js-node_mod-cc0141.js:340321
[  550686ms] [LOG] i18next::translator: missingKey zhCN translation 排行榜 排行榜 @ http://localhost:5175/static/js/vendors-node_modules_katex_dist_katex_min_css-node_modules_lobehub_icons_es_index_js-node_mod-cc0141.js:340321
[  550686ms] [LOG] i18next::translator: missingKey zhCN translation 文档 文档 @ http://localhost:5175/static/js/vendors-node_modules_katex_dist_katex_min_css-node_modules_lobehub_icons_es_index_js-node_mod-cc0141.js:340321
[  550687ms] [LOG] i18next::translator: missingKey zhCN translation 关于噜噜 关于噜噜 @ http://localhost:5175/static/js/vendors-node_modules_katex_dist_katex_min_css-node_modules_lobehub_icons_es_index_js-node_mod-cc0141.js:340321
[  550687ms] [LOG] i18next::translator: missingKey zhCN translation 噜噜岛 噜噜岛 @ http://localhost:5175/static/js/vendors-node_modules_katex_dist_katex_min_css-node_modules_lobehub_icons_es_index_js-node_mod-cc0141.js:340321
[  550687ms] [LOG] i18next::translator: missingKey zhCN translation 噜噜小屋 噜噜小屋 @ http://localhost:5175/static/js/vendors-node_modules_katex_dist_katex_min_css-node_modules_lobehub_icons_es_index_js-node_mod-cc0141.js:340321
[  550688ms] [LOG] i18next::translator: missingKey zhCN translation 伙伴乐园 伙伴乐园 @ http://localhost:5175/static/js/vendors-node_modules_katex_dist_katex_min_css-node_modules_lobehub_icons_es_index_js-node_mod-cc0141.js:340321
[  550688ms] [LOG] i18next::translator: missingKey zhCN translation 排行榜 排行榜 @ http://localhost:5175/static/js/vendors-node_modules_katex_dist_katex_min_css-node_modules_lobehub_icons_es_index_js-node_mod-cc0141.js:340321
[  550688ms] [LOG] i18next::translator: missingKey zhCN translation 文档 文档 @ http://localhost:5175/static/js/vendors-node_modules_katex_dist_katex_min_css-node_modules_lobehub_icons_es_index_js-node_mod-cc0141.js:340321
[  550689ms] [LOG] i18next::translator: missingKey zhCN translation 关于噜噜 关于噜噜 @ http://localhost:5175/static/js/vendors-node_modules_katex_dist_katex_min_css-node_modules_lobehub_icons_es_index_js-node_mod-cc0141.js:340321
[  550690ms] [LOG] i18next::translator: missingKey zhCN translation 噜噜岛 噜噜岛 @ http://localhost:5175/static/js/vendors-node_modules_katex_dist_katex_min_css-node_modules_lobehub_icons_es_index_js-node_mod-cc0141.js:340321
[  550690ms] [LOG] i18next::translator: missingKey zhCN translation 噜噜小屋 噜噜小屋 @ http://localhost:5175/static/js/vendors-node_modules_katex_dist_katex_min_css-node_modules_lobehub_icons_es_index_js-node_mod-cc0141.js:340321
[  550690ms] [LOG] i18next::translator: missingKey zhCN translation 伙伴乐园 伙伴乐园 @ http://localhost:5175/static/js/vendors-node_modules_katex_dist_katex_min_css-node_modules_lobehub_icons_es_index_js-node_mod-cc0141.js:340321
[  550690ms] [LOG] i18next::translator: missingKey zhCN translation 排行榜 排行榜 @ http://localhost:5175/static/js/vendors-node_modules_katex_dist_katex_min_css-node_modules_lobehub_icons_es_index_js-node_mod-cc0141.js:340321
[  550690ms] [LOG] i18next::translator: missingKey zhCN translation 文档 文档 @ http://localhost:5175/static/js/vendors-node_modules_katex_dist_katex_min_css-node_modules_lobehub_icons_es_index_js-node_mod-cc0141.js:340321
[  550690ms] [LOG] i18next::translator: missingKey zhCN translation 关于噜噜 关于噜噜 @ http://localhost:5175/static/js/vendors-node_modules_katex_dist_katex_min_css-node_modules_lobehub_icons_es_index_js-node_mod-cc0141.js:340321
[  550690ms] [LOG] i18next::translator: missingKey zhCN translation 噜噜岛 噜噜岛 @ http://localhost:5175/static/js/vendors-node_modules_katex_dist_katex_min_css-node_modules_lobehub_icons_es_index_js-node_mod-cc0141.js:340321
[  550691ms] [LOG] i18next::translator: missingKey zhCN translation 噜噜小屋 噜噜小屋 @ http://localhost:5175/static/js/vendors-node_modules_katex_dist_katex_min_css-node_modules_lobehub_icons_es_index_js-node_mod-cc0141.js:340321
[  550691ms] [LOG] i18next::translator: missingKey zhCN translation 伙伴乐园 伙伴乐园 @ http://localhost:5175/static/js/vendors-node_modules_katex_dist_katex_min_css-node_modules_lobehub_icons_es_index_js-node_mod-cc0141.js:340321
[  550691ms] [LOG] i18next::translator: missingKey zhCN translation 排行榜 排行榜 @ http://localhost:5175/static/js/vendors-node_modules_katex_dist_katex_min_css-node_modules_lobehub_icons_es_index_js-node_mod-cc0141.js:340321
[  550691ms] [LOG] i18next::translator: missingKey zhCN translation 文档 文档 @ http://localhost:5175/static/js/vendors-node_modules_katex_dist_katex_min_css-node_modules_lobehub_icons_es_index_js-node_mod-cc0141.js:340321
[  550691ms] [LOG] i18next::translator: missingKey zhCN translation 关于噜噜 关于噜噜 @ http://localhost:5175/static/js/vendors-node_modules_katex_dist_katex_min_css-node_modules_lobehub_icons_es_index_js-node_mod-cc0141.js:340321
[  550716ms] [LOG] i18next::translator: missingKey zhCN translation 噜噜岛 噜噜岛 @ http://localhost:5175/static/js/vendors-node_modules_katex_dist_katex_min_css-node_modules_lobehub_icons_es_index_js-node_mod-cc0141.js:340321
[  550716ms] [LOG] i18next::translator: missingKey zhCN translation 噜噜小屋 噜噜小屋 @ http://localhost:5175/static/js/vendors-node_modules_katex_dist_katex_min_css-node_modules_lobehub_icons_es_index_js-node_mod-cc0141.js:340321
[  550716ms] [LOG] i18next::translator: missingKey zhCN translation 伙伴乐园 伙伴乐园 @ http://localhost:5175/static/js/vendors-node_modules_katex_dist_katex_min_css-node_modules_lobehub_icons_es_index_js-node_mod-cc0141.js:340321
[  550716ms] [LOG] i18next::translator: missingKey zhCN translation 排行榜 排行榜 @ http://localhost:5175/static/js/vendors-node_modules_katex_dist_katex_min_css-node_modules_lobehub_icons_es_index_js-node_mod-cc0141.js:340321
[  550716ms] [LOG] i18next::translator: missingKey zhCN translation 文档 文档 @ http://localhost:5175/static/js/vendors-node_modules_katex_dist_katex_min_css-node_modules_lobehub_icons_es_index_js-node_mod-cc0141.js:340321
[  550716ms] [LOG] i18next::translator: missingKey zhCN translation 关于噜噜 关于噜噜 @ http://localhost:5175/static/js/vendors-node_modules_katex_dist_katex_min_css-node_modules_lobehub_icons_es_index_js-node_mod-cc0141.js:340321
[  550717ms] [LOG] i18next::translator: missingKey zhCN translation 噜噜岛 噜噜岛 @ http://localhost:5175/static/js/vendors-node_modules_katex_dist_katex_min_css-node_modules_lobehub_icons_es_index_js-node_mod-cc0141.js:340321
[  550717ms] [LOG] i18next::translator: missingKey zhCN translation 噜噜小屋 噜噜小屋 @ http://localhost:5175/static/js/vendors-node_modules_katex_dist_katex_min_css-node_modules_lobehub_icons_es_index_js-node_mod-cc0141.js:340321
[  550717ms] [LOG] i18next::translator: missingKey zhCN translation 伙伴乐园 伙伴乐园 @ http://localhost:5175/static/js/vendors-node_modules_katex_dist_katex_min_css-node_modules_lobehub_icons_es_index_js-node_mod-cc0141.js:340321
[  550717ms] [LOG] i18next::translator: missingKey zhCN translation 排行榜 排行榜 @ http://localhost:5175/static/js/vendors-node_modules_katex_dist_katex_min_css-node_modules_lobehub_icons_es_index_js-node_mod-cc0141.js:340321
[  550717ms] [LOG] i18next::translator: missingKey zhCN translation 文档 文档 @ http://localhost:5175/static/js/vendors-node_modules_katex_dist_katex_min_css-node_modules_lobehub_icons_es_index_js-node_mod-cc0141.js:340321
[  550717ms] [LOG] i18next::translator: missingKey zhCN translation 关于噜噜 关于噜噜 @ http://localhost:5175/static/js/vendors-node_modules_katex_dist_katex_min_css-node_modules_lobehub_icons_es_index_js-node_mod-cc0141.js:340321
[  550718ms] [LOG] i18next::translator: missingKey zhCN translation 噜噜岛 噜噜岛 @ http://localhost:5175/static/js/vendors-node_modules_katex_dist_katex_min_css-node_modules_lobehub_icons_es_index_js-node_mod-cc0141.js:340321
[  550718ms] [LOG] i18next::translator: missingKey zhCN translation 噜噜小屋 噜噜小屋 @ http://localhost:5175/static/js/vendors-node_modules_katex_dist_katex_min_css-node_modules_lobehub_icons_es_index_js-node_mod-cc0141.js:340321
[  550718ms] [LOG] i18next::translator: missingKey zhCN translation 伙伴乐园 伙伴乐园 @ http://localhost:5175/static/js/vendors-node_modules_katex_dist_katex_min_css-node_modules_lobehub_icons_es_index_js-node_mod-cc0141.js:340321
[  550719ms] [LOG] i18next::translator: missingKey zhCN translation 排行榜 排行榜 @ http://localhost:5175/static/js/vendors-node_modules_katex_dist_katex_min_css-node_modules_lobehub_icons_es_index_js-node_mod-cc0141.js:340321
[  550719ms] [LOG] i18next::translator: missingKey zhCN translation 文档 文档 @ http://localhost:5175/static/js/vendors-node_modules_katex_dist_katex_min_css-node_modules_lobehub_icons_es_index_js-node_mod-cc0141.js:340321
[  550719ms] [LOG] i18next::translator: missingKey zhCN translation 关于噜噜 关于噜噜 @ http://localhost:5175/static/js/vendors-node_modules_katex_dist_katex_min_css-node_modules_lobehub_icons_es_index_js-node_mod-cc0141.js:340321
[  550719ms] [LOG] i18next::translator: missingKey zhCN translation 噜噜岛 噜噜岛 @ http://localhost:5175/static/js/vendors-node_modules_katex_dist_katex_min_css-node_modules_lobehub_icons_es_index_js-node_mod-cc0141.js:340321
[  550720ms] [LOG] i18next::translator: missingKey zhCN translation 噜噜小屋 噜噜小屋 @ http://localhost:5175/static/js/vendors-node_modules_katex_dist_katex_min_css-node_modules_lobehub_icons_es_index_js-node_mod-cc0141.js:340321
[  550720ms] [LOG] i18next::translator: missingKey zhCN translation 伙伴乐园 伙伴乐园 @ http://localhost:5175/static/js/vendors-node_modules_katex_dist_katex_min_css-node_modules_lobehub_icons_es_index_js-node_mod-cc0141.js:340321
[  550720ms] [LOG] i18next::translator: missingKey zhCN translation 排行榜 排行榜 @ http://localhost:5175/static/js/vendors-node_modules_katex_dist_katex_min_css-node_modules_lobehub_icons_es_index_js-node_mod-cc0141.js:340321
[  550720ms] [LOG] i18next::translator: missingKey zhCN translation 文档 文档 @ http://localhost:5175/static/js/vendors-node_modules_katex_dist_katex_min_css-node_modules_lobehub_icons_es_index_js-node_mod-cc0141.js:340321
[  550720ms] [LOG] i18next::translator: missingKey zhCN translation 关于噜噜 关于噜噜 @ http://localhost:5175/static/js/vendors-node_modules_katex_dist_katex_min_css-node_modules_lobehub_icons_es_index_js-node_mod-cc0141.js:340321
[  550733ms] [LOG] i18next::translator: missingKey zhCN translation 噜噜岛 噜噜岛 @ http://localhost:5175/static/js/vendors-node_modules_katex_dist_katex_min_css-node_modules_lobehub_icons_es_index_js-node_mod-cc0141.js:340321
[  550733ms] [LOG] i18next::translator: missingKey zhCN translation 噜噜小屋 噜噜小屋 @ http://localhost:5175/static/js/vendors-node_modules_katex_dist_katex_min_css-node_modules_lobehub_icons_es_index_js-node_mod-cc0141.js:340321
[  550733ms] [LOG] i18next::translator: missingKey zhCN translation 伙伴乐园 伙伴乐园 @ http://localhost:5175/static/js/vendors-node_modules_katex_dist_katex_min_css-node_modules_lobehub_icons_es_index_js-node_mod-cc0141.js:340321
[  550734ms] [LOG] i18next::translator: missingKey zhCN translation 排行榜 排行榜 @ http://localhost:5175/static/js/vendors-node_modules_katex_dist_katex_min_css-node_modules_lobehub_icons_es_index_js-node_mod-cc0141.js:340321
[  550734ms] [LOG] i18next::translator: missingKey zhCN translation 文档 文档 @ http://localhost:5175/static/js/vendors-node_modules_katex_dist_katex_min_css-node_modules_lobehub_icons_es_index_js-node_mod-cc0141.js:340321
[  550734ms] [LOG] i18next::translator: missingKey zhCN translation 关于噜噜 关于噜噜 @ http://localhost:5175/static/js/vendors-node_modules_katex_dist_katex_min_css-node_modules_lobehub_icons_es_index_js-node_mod-cc0141.js:340321
[  550735ms] [LOG] i18next::translator: missingKey zhCN translation 噜噜岛 噜噜岛 @ http://localhost:5175/static/js/vendors-node_modules_katex_dist_katex_min_css-node_modules_lobehub_icons_es_index_js-node_mod-cc0141.js:340321
[  550735ms] [LOG] i18next::translator: missingKey zhCN translation 噜噜小屋 噜噜小屋 @ http://localhost:5175/static/js/vendors-node_modules_katex_dist_katex_min_css-node_modules_lobehub_icons_es_index_js-node_mod-cc0141.js:340321
[  550735ms] [LOG] i18next::translator: missingKey zhCN translation 伙伴乐园 伙伴乐园 @ http://localhost:5175/static/js/vendors-node_modules_katex_dist_katex_min_css-node_modules_lobehub_icons_es_index_js-node_mod-cc0141.js:340321
[  550735ms] [LOG] i18next::translator: missingKey zhCN translation 排行榜 排行榜 @ http://localhost:5175/static/js/vendors-node_modules_katex_dist_katex_min_css-node_modules_lobehub_icons_es_index_js-node_mod-cc0141.js:340321
[  550735ms] [LOG] i18next::translator: missingKey zhCN translation 文档 文档 @ http://localhost:5175/static/js/vendors-node_modules_katex_dist_katex_min_css-node_modules_lobehub_icons_es_index_js-node_mod-cc0141.js:340321
[  550735ms] [LOG] i18next::translator: missingKey zhCN translation 关于噜噜 关于噜噜 @ http://localhost:5175/static/js/vendors-node_modules_katex_dist_katex_min_css-node_modules_lobehub_icons_es_index_js-node_mod-cc0141.js:340321
[  550737ms] [LOG] i18next::translator: missingKey zhCN translation 噜噜岛 噜噜岛 @ http://localhost:5175/static/js/vendors-node_modules_katex_dist_katex_min_css-node_modules_lobehub_icons_es_index_js-node_mod-cc0141.js:340321
[  550737ms] [LOG] i18next::translator: missingKey zhCN translation 噜噜小屋 噜噜小屋 @ http://localhost:5175/static/js/vendors-node_modules_katex_dist_katex_min_css-node_modules_lobehub_icons_es_index_js-node_mod-cc0141.js:340321
[  550737ms] [LOG] i18next::translator: missingKey zhCN translation 伙伴乐园 伙伴乐园 @ http://localhost:5175/static/js/vendors-node_modules_katex_dist_katex_min_css-node_modules_lobehub_icons_es_index_js-node_mod-cc0141.js:340321
[  550738ms] [LOG] i18next::translator: missingKey zhCN translation 排行榜 排行榜 @ http://localhost:5175/static/js/vendors-node_modules_katex_dist_katex_min_css-node_modules_lobehub_icons_es_index_js-node_mod-cc0141.js:340321
[  550738ms] [LOG] i18next::translator: missingKey zhCN translation 文档 文档 @ http://localhost:5175/static/js/vendors-node_modules_katex_dist_katex_min_css-node_modules_lobehub_icons_es_index_js-node_mod-cc0141.js:340321
[  550738ms] [LOG] i18next::translator: missingKey zhCN translation 关于噜噜 关于噜噜 @ http://localhost:5175/static/js/vendors-node_modules_katex_dist_katex_min_css-node_modules_lobehub_icons_es_index_js-node_mod-cc0141.js:340321
[  550739ms] [LOG] i18next::translator: missingKey zhCN translation 噜噜岛 噜噜岛 @ http://localhost:5175/static/js/vendors-node_modules_katex_dist_katex_min_css-node_modules_lobehub_icons_es_index_js-node_mod-cc0141.js:340321
[  550739ms] [LOG] i18next::translator: missingKey zhCN translation 噜噜小屋 噜噜小屋 @ http://localhost:5175/static/js/vendors-node_modules_katex_dist_katex_min_css-node_modules_lobehub_icons_es_index_js-node_mod-cc0141.js:340321
[  550739ms] [LOG] i18next::translator: missingKey zhCN translation 伙伴乐园 伙伴乐园 @ http://localhost:5175/static/js/vendors-node_modules_katex_dist_katex_min_css-node_modules_lobehub_icons_es_index_js-node_mod-cc0141.js:340321
[  550739ms] [LOG] i18next::translator: missingKey zhCN translation 排行榜 排行榜 @ http://localhost:5175/static/js/vendors-node_modules_katex_dist_katex_min_css-node_modules_lobehub_icons_es_index_js-node_mod-cc0141.js:340321
[  550739ms] [LOG] i18next::translator: missingKey zhCN translation 文档 文档 @ http://localhost:5175/static/js/vendors-node_modules_katex_dist_katex_min_css-node_modules_lobehub_icons_es_index_js-node_mod-cc0141.js:340321
[  550739ms] [LOG] i18next::translator: missingKey zhCN translation 关于噜噜 关于噜噜 @ http://localhost:5175/static/js/vendors-node_modules_katex_dist_katex_min_css-node_modules_lobehub_icons_es_index_js-node_mod-cc0141.js:340321
[  550756ms] [LOG] i18next::translator: missingKey zhCN translation 噜噜岛 噜噜岛 @ http://localhost:5175/static/js/vendors-node_modules_katex_dist_katex_min_css-node_modules_lobehub_icons_es_index_js-node_mod-cc0141.js:340321
[  550756ms] [LOG] i18next::translator: missingKey zhCN translation 噜噜小屋 噜噜小屋 @ http://localhost:5175/static/js/vendors-node_modules_katex_dist_katex_min_css-node_modules_lobehub_icons_es_index_js-node_mod-cc0141.js:340321
[  550756ms] [LOG] i18next::translator: missingKey zhCN translation 伙伴乐园 伙伴乐园 @ http://localhost:5175/static/js/vendors-node_modules_katex_dist_katex_min_css-node_modules_lobehub_icons_es_index_js-node_mod-cc0141.js:340321
[  550756ms] [LOG] i18next::translator: missingKey zhCN translation 排行榜 排行榜 @ http://localhost:5175/static/js/vendors-node_modules_katex_dist_katex_min_css-node_modules_lobehub_icons_es_index_js-node_mod-cc0141.js:340321
[  550756ms] [LOG] i18next::translator: missingKey zhCN translation 文档 文档 @ http://localhost:5175/static/js/vendors-node_modules_katex_dist_katex_min_css-node_modules_lobehub_icons_es_index_js-node_mod-cc0141.js:340321
[  550756ms] [LOG] i18next::translator: missingKey zhCN translation 关于噜噜 关于噜噜 @ http://localhost:5175/static/js/vendors-node_modules_katex_dist_katex_min_css-node_modules_lobehub_icons_es_index_js-node_mod-cc0141.js:340321
[  550757ms] [LOG] i18next::translator: missingKey zhCN translation 噜噜岛 噜噜岛 @ http://localhost:5175/static/js/vendors-node_modules_katex_dist_katex_min_css-node_modules_lobehub_icons_es_index_js-node_mod-cc0141.js:340321
[  550757ms] [LOG] i18next::translator: missingKey zhCN translation 噜噜小屋 噜噜小屋 @ http://localhost:5175/static/js/vendors-node_modules_katex_dist_katex_min_css-node_modules_lobehub_icons_es_index_js-node_mod-cc0141.js:340321
[  550757ms] [LOG] i18next::translator: missingKey zhCN translation 伙伴乐园 伙伴乐园 @ http://localhost:5175/static/js/vendors-node_modules_katex_dist_katex_min_css-node_modules_lobehub_icons_es_index_js-node_mod-cc0141.js:340321
[  550757ms] [LOG] i18next::translator: missingKey zhCN translation 排行榜 排行榜 @ http://localhost:5175/static/js/vendors-node_modules_katex_dist_katex_min_css-node_modules_lobehub_icons_es_index_js-node_mod-cc0141.js:340321
[  550757ms] [LOG] i18next::translator: missingKey zhCN translation 文档 文档 @ http://localhost:5175/static/js/vendors-node_modules_katex_dist_katex_min_css-node_modules_lobehub_icons_es_index_js-node_mod-cc0141.js:340321
[  550757ms] [LOG] i18next::translator: missingKey zhCN translation 关于噜噜 关于噜噜 @ http://localhost:5175/static/js/vendors-node_modules_katex_dist_katex_min_css-node_modules_lobehub_icons_es_index_js-node_mod-cc0141.js:340321
[  550757ms] [LOG] i18next::translator: missingKey zhCN translation 噜噜岛 噜噜岛 @ http://localhost:5175/static/js/vendors-node_modules_katex_dist_katex_min_css-node_modules_lobehub_icons_es_index_js-node_mod-cc0141.js:340321
[  550758ms] [LOG] i18next::translator: missingKey zhCN translation 噜噜小屋 噜噜小屋 @ http://localhost:5175/static/js/vendors-node_modules_katex_dist_katex_min_css-node_modules_lobehub_icons_es_index_js-node_mod-cc0141.js:340321
[  550758ms] [LOG] i18next::translator: missingKey zhCN translation 伙伴乐园 伙伴乐园 @ http://localhost:5175/static/js/vendors-node_modules_katex_dist_katex_min_css-node_modules_lobehub_icons_es_index_js-node_mod-cc0141.js:340321
[  550758ms] [LOG] i18next::translator: missingKey zhCN translation 排行榜 排行榜 @ http://localhost:5175/static/js/vendors-node_modules_katex_dist_katex_min_css-node_modules_lobehub_icons_es_index_js-node_mod-cc0141.js:340321
[  550758ms] [LOG] i18next::translator: missingKey zhCN translation 文档 文档 @ http://localhost:5175/static/js/vendors-node_modules_katex_dist_katex_min_css-node_modules_lobehub_icons_es_index_js-node_mod-cc0141.js:340321
[  550758ms] [LOG] i18next::translator: missingKey zhCN translation 关于噜噜 关于噜噜 @ http://localhost:5175/static/js/vendors-node_modules_katex_dist_katex_min_css-node_modules_lobehub_icons_es_index_js-node_mod-cc0141.js:340321
[  550758ms] [LOG] i18next::translator: missingKey zhCN translation 噜噜岛 噜噜岛 @ http://localhost:5175/static/js/vendors-node_modules_katex_dist_katex_min_css-node_modules_lobehub_icons_es_index_js-node_mod-cc0141.js:340321
[  550758ms] [LOG] i18next::translator: missingKey zhCN translation 噜噜小屋 噜噜小屋 @ http://localhost:5175/static/js/vendors-node_modules_katex_dist_katex_min_css-node_modules_lobehub_icons_es_index_js-node_mod-cc0141.js:340321
[  550758ms] [LOG] i18next::translator: missingKey zhCN translation 伙伴乐园 伙伴乐园 @ http://localhost:5175/static/js/vendors-node_modules_katex_dist_katex_min_css-node_modules_lobehub_icons_es_index_js-node_mod-cc0141.js:340321
[  550758ms] [LOG] i18next::translator: missingKey zhCN translation 排行榜 排行榜 @ http://localhost:5175/static/js/vendors-node_modules_katex_dist_katex_min_css-node_modules_lobehub_icons_es_index_js-node_mod-cc0141.js:340321
[  550759ms] [LOG] i18next::translator: missingKey zhCN translation 文档 文档 @ http://localhost:5175/static/js/vendors-node_modules_katex_dist_katex_min_css-node_modules_lobehub_icons_es_index_js-node_mod-cc0141.js:340321
[  550759ms] [LOG] i18next::translator: missingKey zhCN translation 关于噜噜 关于噜噜 @ http://localhost:5175/static/js/vendors-node_modules_katex_dist_katex_min_css-node_modules_lobehub_icons_es_index_js-node_mod-cc0141.js:340321
[  550845ms] [LOG] i18next::translator: missingKey zhCN translation 噜噜岛 噜噜岛 @ http://localhost:5175/static/js/vendors-node_modules_katex_dist_katex_min_css-node_modules_lobehub_icons_es_index_js-node_mod-cc0141.js:340321
[  550845ms] [LOG] i18next::translator: missingKey zhCN translation 噜噜小屋 噜噜小屋 @ http://localhost:5175/static/js/vendors-node_modules_katex_dist_katex_min_css-node_modules_lobehub_icons_es_index_js-node_mod-cc0141.js:340321
[  550846ms] [LOG] i18next::translator: missingKey zhCN translation 伙伴乐园 伙伴乐园 @ http://localhost:5175/static/js/vendors-node_modules_katex_dist_katex_min_css-node_modules_lobehub_icons_es_index_js-node_mod-cc0141.js:340321
[  550846ms] [LOG] i18next::translator: missingKey zhCN translation 排行榜 排行榜 @ http://localhost:5175/static/js/vendors-node_modules_katex_dist_katex_min_css-node_modules_lobehub_icons_es_index_js-node_mod-cc0141.js:340321
[  550846ms] [LOG] i18next::translator: missingKey zhCN translation 文档 文档 @ http://localhost:5175/static/js/vendors-node_modules_katex_dist_katex_min_css-node_modules_lobehub_icons_es_index_js-node_mod-cc0141.js:340321
[  550846ms] [LOG] i18next::translator: missingKey zhCN translation 关于噜噜 关于噜噜 @ http://localhost:5175/static/js/vendors-node_modules_katex_dist_katex_min_css-node_modules_lobehub_icons_es_index_js-node_mod-cc0141.js:340321
[  550847ms] [LOG] i18next::translator: missingKey zhCN translation 噜噜岛 噜噜岛 @ http://localhost:5175/static/js/vendors-node_modules_katex_dist_katex_min_css-node_modules_lobehub_icons_es_index_js-node_mod-cc0141.js:340321
[  550848ms] [LOG] i18next::translator: missingKey zhCN translation 噜噜小屋 噜噜小屋 @ http://localhost:5175/static/js/vendors-node_modules_katex_dist_katex_min_css-node_modules_lobehub_icons_es_index_js-node_mod-cc0141.js:340321
[  550848ms] [LOG] i18next::translator: missingKey zhCN translation 伙伴乐园 伙伴乐园 @ http://localhost:5175/static/js/vendors-node_modules_katex_dist_katex_min_css-node_modules_lobehub_icons_es_index_js-node_mod-cc0141.js:340321
[  550848ms] [LOG] i18next::translator: missingKey zhCN translation 排行榜 排行榜 @ http://localhost:5175/static/js/vendors-node_modules_katex_dist_katex_min_css-node_modules_lobehub_icons_es_index_js-node_mod-cc0141.js:340321
[  550849ms] [LOG] i18next::translator: missingKey zhCN translation 文档 文档 @ http://localhost:5175/static/js/vendors-node_modules_katex_dist_katex_min_css-node_modules_lobehub_icons_es_index_js-node_mod-cc0141.js:340321
[  550849ms] [LOG] i18next::translator: missingKey zhCN translation 关于噜噜 关于噜噜 @ http://localhost:5175/static/js/vendors-node_modules_katex_dist_katex_min_css-node_modules_lobehub_icons_es_index_js-node_mod-cc0141.js:340321
[  550850ms] [LOG] i18next::translator: missingKey zhCN translation 噜噜岛 噜噜岛 @ http://localhost:5175/static/js/vendors-node_modules_katex_dist_katex_min_css-node_modules_lobehub_icons_es_index_js-node_mod-cc0141.js:340321
[  550850ms] [LOG] i18next::translator: missingKey zhCN translation 噜噜小屋 噜噜小屋 @ http://localhost:5175/static/js/vendors-node_modules_katex_dist_katex_min_css-node_modules_lobehub_icons_es_index_js-node_mod-cc0141.js:340321
[  550850ms] [LOG] i18next::translator: missingKey zhCN translation 伙伴乐园 伙伴乐园 @ http://localhost:5175/static/js/vendors-node_modules_katex_dist_katex_min_css-node_modules_lobehub_icons_es_index_js-node_mod-cc0141.js:340321
[  550851ms] [LOG] i18next::translator: missingKey zhCN translation 排行榜 排行榜 @ http://localhost:5175/static/js/vendors-node_modules_katex_dist_katex_min_css-node_modules_lobehub_icons_es_index_js-node_mod-cc0141.js:340321
[  550851ms] [LOG] i18next::translator: missingKey zhCN translation 文档 文档 @ http://localhost:5175/static/js/vendors-node_modules_katex_dist_katex_min_css-node_modules_lobehub_icons_es_index_js-node_mod-cc0141.js:340321
[  550851ms] [LOG] i18next::translator: missingKey zhCN translation 关于噜噜 关于噜噜 @ http://localhost:5175/static/js/vendors-node_modules_katex_dist_katex_min_css-node_modules_lobehub_icons_es_index_js-node_mod-cc0141.js:340321
[  550852ms] [LOG] i18next::translator: missingKey zhCN translation 噜噜岛 噜噜岛 @ http://localhost:5175/static/js/vendors-node_modules_katex_dist_katex_min_css-node_modules_lobehub_icons_es_index_js-node_mod-cc0141.js:340321
[  550852ms] [LOG] i18next::translator: missingKey zhCN translation 噜噜小屋 噜噜小屋 @ http://localhost:5175/static/js/vendors-node_modules_katex_dist_katex_min_css-node_modules_lobehub_icons_es_index_js-node_mod-cc0141.js:340321
[  550852ms] [LOG] i18next::translator: missingKey zhCN translation 伙伴乐园 伙伴乐园 @ http://localhost:5175/static/js/vendors-node_modules_katex_dist_katex_min_css-node_modules_lobehub_icons_es_index_js-node_mod-cc0141.js:340321
[  550852ms] [LOG] i18next::translator: missingKey zhCN translation 排行榜 排行榜 @ http://localhost:5175/static/js/vendors-node_modules_katex_dist_katex_min_css-node_modules_lobehub_icons_es_index_js-node_mod-cc0141.js:340321
[  550853ms] [LOG] i18next::translator: missingKey zhCN translation 文档 文档 @ http://localhost:5175/static/js/vendors-node_modules_katex_dist_katex_min_css-node_modules_lobehub_icons_es_index_js-node_mod-cc0141.js:340321
[  550853ms] [LOG] i18next::translator: missingKey zhCN translation 关于噜噜 关于噜噜 @ http://localhost:5175/static/js/vendors-node_modules_katex_dist_katex_min_css-node_modules_lobehub_icons_es_index_js-node_mod-cc0141.js:340321
[  550871ms] [LOG] i18next::translator: missingKey zhCN translation 噜噜岛 噜噜岛 @ http://localhost:5175/static/js/vendors-node_modules_katex_dist_katex_min_css-node_modules_lobehub_icons_es_index_js-node_mod-cc0141.js:340321
[  550872ms] [LOG] i18next::translator: missingKey zhCN translation 噜噜小屋 噜噜小屋 @ http://localhost:5175/static/js/vendors-node_modules_katex_dist_katex_min_css-node_modules_lobehub_icons_es_index_js-node_mod-cc0141.js:340321
[  550872ms] [LOG] i18next::translator: missingKey zhCN translation 伙伴乐园 伙伴乐园 @ http://localhost:5175/static/js/vendors-node_modules_katex_dist_katex_min_css-node_modules_lobehub_icons_es_index_js-node_mod-cc0141.js:340321
[  550872ms] [LOG] i18next::translator: missingKey zhCN translation 排行榜 排行榜 @ http://localhost:5175/static/js/vendors-node_modules_katex_dist_katex_min_css-node_modules_lobehub_icons_es_index_js-node_mod-cc0141.js:340321
[  550872ms] [LOG] i18next::translator: missingKey zhCN translation 文档 文档 @ http://localhost:5175/static/js/vendors-node_modules_katex_dist_katex_min_css-node_modules_lobehub_icons_es_index_js-node_mod-cc0141.js:340321
[  550872ms] [LOG] i18next::translator: missingKey zhCN translation 关于噜噜 关于噜噜 @ http://localhost:5175/static/js/vendors-node_modules_katex_dist_katex_min_css-node_modules_lobehub_icons_es_index_js-node_mod-cc0141.js:340321
[  550872ms] [LOG] i18next::translator: missingKey zhCN translation 噜噜岛 噜噜岛 @ http://localhost:5175/static/js/vendors-node_modules_katex_dist_katex_min_css-node_modules_lobehub_icons_es_index_js-node_mod-cc0141.js:340321
[  550873ms] [LOG] i18next::translator: missingKey zhCN translation 噜噜小屋 噜噜小屋 @ http://localhost:5175/static/js/vendors-node_modules_katex_dist_katex_min_css-node_modules_lobehub_icons_es_index_js-node_mod-cc0141.js:340321
[  550873ms] [LOG] i18next::translator: missingKey zhCN translation 伙伴乐园 伙伴乐园 @ http://localhost:5175/static/js/vendors-node_modules_katex_dist_katex_min_css-node_modules_lobehub_icons_es_index_js-node_mod-cc0141.js:340321
[  550873ms] [LOG] i18next::translator: missingKey zhCN translation 排行榜 排行榜 @ http://localhost:5175/static/js/vendors-node_modules_katex_dist_katex_min_css-node_modules_lobehub_icons_es_index_js-node_mod-cc0141.js:340321
[  550873ms] [LOG] i18next::translator: missingKey zhCN translation 文档 文档 @ http://localhost:5175/static/js/vendors-node_modules_katex_dist_katex_min_css-node_modules_lobehub_icons_es_index_js-node_mod-cc0141.js:340321
[  550873ms] [LOG] i18next::translator: missingKey zhCN translation 关于噜噜 关于噜噜 @ http://localhost:5175/static/js/vendors-node_modules_katex_dist_katex_min_css-node_modules_lobehub_icons_es_index_js-node_mod-cc0141.js:340321
[  550874ms] [LOG] i18next::translator: missingKey zhCN translation 噜噜岛 噜噜岛 @ http://localhost:5175/static/js/vendors-node_modules_katex_dist_katex_min_css-node_modules_lobehub_icons_es_index_js-node_mod-cc0141.js:340321
[  550875ms] [LOG] i18next::translator: missingKey zhCN translation 噜噜小屋 噜噜小屋 @ http://localhost:5175/static/js/vendors-node_modules_katex_dist_katex_min_css-node_modules_lobehub_icons_es_index_js-node_mod-cc0141.js:340321
[  550875ms] [LOG] i18next::translator: missingKey zhCN translation 伙伴乐园 伙伴乐园 @ http://localhost:5175/static/js/vendors-node_modules_katex_dist_katex_min_css-node_modules_lobehub_icons_es_index_js-node_mod-cc0141.js:340321
[  550875ms] [LOG] i18next::translator: missingKey zhCN translation 排行榜 排行榜 @ http://localhost:5175/static/js/vendors-node_modules_katex_dist_katex_min_css-node_modules_lobehub_icons_es_index_js-node_mod-cc0141.js:340321
[  550875ms] [LOG] i18next::translator: missingKey zhCN translation 文档 文档 @ http://localhost:5175/static/js/vendors-node_modules_katex_dist_katex_min_css-node_modules_lobehub_icons_es_index_js-node_mod-cc0141.js:340321
[  550875ms] [LOG] i18next::translator: missingKey zhCN translation 关于噜噜 关于噜噜 @ http://localhost:5175/static/js/vendors-node_modules_katex_dist_katex_min_css-node_modules_lobehub_icons_es_index_js-node_mod-cc0141.js:340321
[  550876ms] [LOG] i18next::translator: missingKey zhCN translation 噜噜岛 噜噜岛 @ http://localhost:5175/static/js/vendors-node_modules_katex_dist_katex_min_css-node_modules_lobehub_icons_es_index_js-node_mod-cc0141.js:340321
[  550876ms] [LOG] i18next::translator: missingKey zhCN translation 噜噜小屋 噜噜小屋 @ http://localhost:5175/static/js/vendors-node_modules_katex_dist_katex_min_css-node_modules_lobehub_icons_es_index_js-node_mod-cc0141.js:340321
[  550876ms] [LOG] i18next::translator: missingKey zhCN translation 伙伴乐园 伙伴乐园 @ http://localhost:5175/static/js/vendors-node_modules_katex_dist_katex_min_css-node_modules_lobehub_icons_es_index_js-node_mod-cc0141.js:340321
[  550876ms] [LOG] i18next::translator: missingKey zhCN translation 排行榜 排行榜 @ http://localhost:5175/static/js/vendors-node_modules_katex_dist_katex_min_css-node_modules_lobehub_icons_es_index_js-node_mod-cc0141.js:340321
[  550876ms] [LOG] i18next::translator: missingKey zhCN translation 文档 文档 @ http://localhost:5175/static/js/vendors-node_modules_katex_dist_katex_min_css-node_modules_lobehub_icons_es_index_js-node_mod-cc0141.js:340321
[  550877ms] [LOG] i18next::translator: missingKey zhCN translation 关于噜噜 关于噜噜 @ http://localhost:5175/static/js/vendors-node_modules_katex_dist_katex_min_css-node_modules_lobehub_icons_es_index_js-node_mod-cc0141.js:340321
[  550901ms] [LOG] i18next::translator: missingKey zhCN translation 噜噜岛 噜噜岛 @ http://localhost:5175/static/js/vendors-node_modules_katex_dist_katex_min_css-node_modules_lobehub_icons_es_index_js-node_mod-cc0141.js:340321
[  550901ms] [LOG] i18next::translator: missingKey zhCN translation 噜噜小屋 噜噜小屋 @ http://localhost:5175/static/js/vendors-node_modules_katex_dist_katex_min_css-node_modules_lobehub_icons_es_index_js-node_mod-cc0141.js:340321
[  550901ms] [LOG] i18next::translator: missingKey zhCN translation 伙伴乐园 伙伴乐园 @ http://localhost:5175/static/js/vendors-node_modules_katex_dist_katex_min_css-node_modules_lobehub_icons_es_index_js-node_mod-cc0141.js:340321
[  550901ms] [LOG] i18next::translator: missingKey zhCN translation 排行榜 排行榜 @ http://localhost:5175/static/js/vendors-node_modules_katex_dist_katex_min_css-node_modules_lobehub_icons_es_index_js-node_mod-cc0141.js:340321
[  550902ms] [LOG] i18next::translator: missingKey zhCN translation 文档 文档 @ http://localhost:5175/static/js/vendors-node_modules_katex_dist_katex_min_css-node_modules_lobehub_icons_es_index_js-node_mod-cc0141.js:340321
[  550902ms] [LOG] i18next::translator: missingKey zhCN translation 关于噜噜 关于噜噜 @ http://localhost:5175/static/js/vendors-node_modules_katex_dist_katex_min_css-node_modules_lobehub_icons_es_index_js-node_mod-cc0141.js:340321
[  550902ms] [LOG] i18next::translator: missingKey zhCN translation 噜噜岛 噜噜岛 @ http://localhost:5175/static/js/vendors-node_modules_katex_dist_katex_min_css-node_modules_lobehub_icons_es_index_js-node_mod-cc0141.js:340321
[  550903ms] [LOG] i18next::translator: missingKey zhCN translation 噜噜小屋 噜噜小屋 @ http://localhost:5175/static/js/vendors-node_modules_katex_dist_katex_min_css-node_modules_lobehub_icons_es_index_js-node_mod-cc0141.js:340321
[  550903ms] [LOG] i18next::translator: missingKey zhCN translation 伙伴乐园 伙伴乐园 @ http://localhost:5175/static/js/vendors-node_modules_katex_dist_katex_min_css-node_modules_lobehub_icons_es_index_js-node_mod-cc0141.js:340321
[  550903ms] [LOG] i18next::translator: missingKey zhCN translation 排行榜 排行榜 @ http://localhost:5175/static/js/vendors-node_modules_katex_dist_katex_min_css-node_modules_lobehub_icons_es_index_js-node_mod-cc0141.js:340321
[  550903ms] [LOG] i18next::translator: missingKey zhCN translation 文档 文档 @ http://localhost:5175/static/js/vendors-node_modules_katex_dist_katex_min_css-node_modules_lobehub_icons_es_index_js-node_mod-cc0141.js:340321
[  550903ms] [LOG] i18next::translator: missingKey zhCN translation 关于噜噜 关于噜噜 @ http://localhost:5175/static/js/vendors-node_modules_katex_dist_katex_min_css-node_modules_lobehub_icons_es_index_js-node_mod-cc0141.js:340321
[  550904ms] [LOG] i18next::translator: missingKey zhCN translation 噜噜岛 噜噜岛 @ http://localhost:5175/static/js/vendors-node_modules_katex_dist_katex_min_css-node_modules_lobehub_icons_es_index_js-node_mod-cc0141.js:340321
[  550904ms] [LOG] i18next::translator: missingKey zhCN translation 噜噜小屋 噜噜小屋 @ http://localhost:5175/static/js/vendors-node_modules_katex_dist_katex_min_css-node_modules_lobehub_icons_es_index_js-node_mod-cc0141.js:340321
[  550904ms] [LOG] i18next::translator: missingKey zhCN translation 伙伴乐园 伙伴乐园 @ http://localhost:5175/static/js/vendors-node_modules_katex_dist_katex_min_css-node_modules_lobehub_icons_es_index_js-node_mod-cc0141.js:340321
[  550905ms] [LOG] i18next::translator: missingKey zhCN translation 排行榜 排行榜 @ http://localhost:5175/static/js/vendors-node_modules_katex_dist_katex_min_css-node_modules_lobehub_icons_es_index_js-node_mod-cc0141.js:340321
[  550905ms] [LOG] i18next::translator: missingKey zhCN translation 文档 文档 @ http://localhost:5175/static/js/vendors-node_modules_katex_dist_katex_min_css-node_modules_lobehub_icons_es_index_js-node_mod-cc0141.js:340321
[  550905ms] [LOG] i18next::translator: missingKey zhCN translation 关于噜噜 关于噜噜 @ http://localhost:5175/static/js/vendors-node_modules_katex_dist_katex_min_css-node_modules_lobehub_icons_es_index_js-node_mod-cc0141.js:340321
[  550905ms] [LOG] i18next::translator: missingKey zhCN translation 噜噜岛 噜噜岛 @ http://localhost:5175/static/js/vendors-node_modules_katex_dist_katex_min_css-node_modules_lobehub_icons_es_index_js-node_mod-cc0141.js:340321
[  550905ms] [LOG] i18next::translator: missingKey zhCN translation 噜噜小屋 噜噜小屋 @ http://localhost:5175/static/js/vendors-node_modules_katex_dist_katex_min_css-node_modules_lobehub_icons_es_index_js-node_mod-cc0141.js:340321
[  550906ms] [LOG] i18next::translator: missingKey zhCN translation 伙伴乐园 伙伴乐园 @ http://localhost:5175/static/js/vendors-node_modules_katex_dist_katex_min_css-node_modules_lobehub_icons_es_index_js-node_mod-cc0141.js:340321
[  550906ms] [LOG] i18next::translator: missingKey zhCN translation 排行榜 排行榜 @ http://localhost:5175/static/js/vendors-node_modules_katex_dist_katex_min_css-node_modules_lobehub_icons_es_index_js-node_mod-cc0141.js:340321
[  550906ms] [LOG] i18next::translator: missingKey zhCN translation 文档 文档 @ http://localhost:5175/static/js/vendors-node_modules_katex_dist_katex_min_css-node_modules_lobehub_icons_es_index_js-node_mod-cc0141.js:340321
[  550906ms] [LOG] i18next::translator: missingKey zhCN translation 关于噜噜 关于噜噜 @ http://localhost:5175/static/js/vendors-node_modules_katex_dist_katex_min_css-node_modules_lobehub_icons_es_index_js-node_mod-cc0141.js:340321
[  550918ms] [INFO] [rsbuild] WebSocket connected. @ http://localhost:5175/static/js/vendors-node_modules_katex_dist_katex_min_css-node_modules_lobehub_icons_es_index_js-node_mod-cc0141.js:272395
[  551840ms] [INFO] [rsbuild] WebSocket connecting... @ http://localhost:5175/static/js/vendors-node_modules_katex_dist_katex_min_css-node_modules_lobehub_icons_es_index_js-node_mod-cc0141.js:272395
[  551843ms] [INFO] %cDownload the React DevTools for a better development experience: https://react.dev/link/react-devtools font-weight:bold @ http://localhost:5175/static/js/lib-react.js:28005
[  551855ms] [LOG] i18next: languageChanged zhCN @ http://localhost:5175/static/js/vendors-node_modules_katex_dist_katex_min_css-node_modules_lobehub_icons_es_index_js-node_mod-cc0141.js:340321
[  551855ms] [LOG] i18next: initialized {debug: true, initAsync: true, ns: Array(1), defaultNS: Array(1), fallbackLng: Array(1)} @ http://localhost:5175/static/js/vendors-node_modules_katex_dist_katex_min_css-node_modules_lobehub_icons_es_index_js-node_mod-cc0141.js:340321
[  552175ms] [INFO] [rsbuild] WebSocket connected. @ http://localhost:5175/static/js/vendors-node_modules_katex_dist_katex_min_css-node_modules_lobehub_icons_es_index_js-node_mod-cc0141.js:272395
[  553016ms] [INFO] [rsbuild] WebSocket connecting... @ http://localhost:5175/static/js/vendors-node_modules_katex_dist_katex_min_css-node_modules_lobehub_icons_es_index_js-node_mod-cc0141.js:272395
[  553019ms] [INFO] %cDownload the React DevTools for a better development experience: https://react.dev/link/react-devtools font-weight:bold @ http://localhost:5175/static/js/lib-react.js:28005
[  553031ms] [LOG] i18next: languageChanged zhCN @ http://localhost:5175/static/js/vendors-node_modules_katex_dist_katex_min_css-node_modules_lobehub_icons_es_index_js-node_mod-cc0141.js:340321
[  553031ms] [LOG] i18next: initialized {debug: true, initAsync: true, ns: Array(1), defaultNS: Array(1), fallbackLng: Array(1)} @ http://localhost:5175/static/js/vendors-node_modules_katex_dist_katex_min_css-node_modules_lobehub_icons_es_index_js-node_mod-cc0141.js:340321
[  553344ms] [INFO] [rsbuild] WebSocket connected. @ http://localhost:5175/static/js/vendors-node_modules_katex_dist_katex_min_css-node_modules_lobehub_icons_es_index_js-node_mod-cc0141.js:272395
[  554545ms] [INFO] [rsbuild] WebSocket connecting... @ http://localhost:5175/static/js/vendors-node_modules_katex_dist_katex_min_css-node_modules_lobehub_icons_es_index_js-node_mod-cc0141.js:272395
[  554549ms] [INFO] %cDownload the React DevTools for a better development experience: https://react.dev/link/react-devtools font-weight:bold @ http://localhost:5175/static/js/lib-react.js:28005
[  554567ms] [LOG] i18next: languageChanged zhCN @ http://localhost:5175/static/js/vendors-node_modules_katex_dist_katex_min_css-node_modules_lobehub_icons_es_index_js-node_mod-cc0141.js:340321
[  554567ms] [LOG] i18next: initialized {debug: true, initAsync: true, ns: Array(1), defaultNS: Array(1), fallbackLng: Array(1)} @ http://localhost:5175/static/js/vendors-node_modules_katex_dist_katex_min_css-node_modules_lobehub_icons_es_index_js-node_mod-cc0141.js:340321
[  554943ms] [INFO] [rsbuild] WebSocket connected. @ http://localhost:5175/static/js/vendors-node_modules_katex_dist_katex_min_css-node_modules_lobehub_icons_es_index_js-node_mod-cc0141.js:272395
[  555874ms] [INFO] [rsbuild] WebSocket connecting... @ http://localhost:5175/static/js/vendors-node_modules_katex_dist_katex_min_css-node_modules_lobehub_icons_es_index_js-node_mod-cc0141.js:272395
[  555877ms] [INFO] %cDownload the React DevTools for a better development experience: https://react.dev/link/react-devtools font-weight:bold @ http://localhost:5175/static/js/lib-react.js:28005
[  555889ms] [LOG] i18next: languageChanged zhCN @ http://localhost:5175/static/js/vendors-node_modules_katex_dist_katex_min_css-node_modules_lobehub_icons_es_index_js-node_mod-cc0141.js:340321
[  555889ms] [LOG] i18next: initialized {debug: true, initAsync: true, ns: Array(1), defaultNS: Array(1), fallbackLng: Array(1)} @ http://localhost:5175/static/js/vendors-node_modules_katex_dist_katex_min_css-node_modules_lobehub_icons_es_index_js-node_mod-cc0141.js:340321
[  556245ms] [INFO] [rsbuild] WebSocket connected. @ http://localhost:5175/static/js/vendors-node_modules_katex_dist_katex_min_css-node_modules_lobehub_icons_es_index_js-node_mod-cc0141.js:272395
[  557129ms] [INFO] [rsbuild] WebSocket connecting... @ http://localhost:5175/static/js/vendors-node_modules_katex_dist_katex_min_css-node_modules_lobehub_icons_es_index_js-node_mod-cc0141.js:272395
[  557133ms] [INFO] %cDownload the React DevTools for a better development experience: https://react.dev/link/react-devtools font-weight:bold @ http://localhost:5175/static/js/lib-react.js:28005
[  557144ms] [LOG] i18next: languageChanged zhCN @ http://localhost:5175/static/js/vendors-node_modules_katex_dist_katex_min_css-node_modules_lobehub_icons_es_index_js-node_mod-cc0141.js:340321
[  557144ms] [LOG] i18next: initialized {debug: true, initAsync: true, ns: Array(1), defaultNS: Array(1), fallbackLng: Array(1)} @ http://localhost:5175/static/js/vendors-node_modules_katex_dist_katex_min_css-node_modules_lobehub_icons_es_index_js-node_mod-cc0141.js:340321
[  557515ms] [INFO] [rsbuild] WebSocket connected. @ http://localhost:5175/static/js/vendors-node_modules_katex_dist_katex_min_css-node_modules_lobehub_icons_es_index_js-node_mod-cc0141.js:272395
[  558447ms] [INFO] [rsbuild] WebSocket connecting... @ http://localhost:5175/static/js/vendors-node_modules_katex_dist_katex_min_css-node_modules_lobehub_icons_es_index_js-node_mod-cc0141.js:272395
[  558453ms] [INFO] %cDownload the React DevTools for a better development experience: https://react.dev/link/react-devtools font-weight:bold @ http://localhost:5175/static/js/lib-react.js:28005
[  558480ms] [LOG] i18next: languageChanged zhCN @ http://localhost:5175/static/js/vendors-node_modules_katex_dist_katex_min_css-node_modules_lobehub_icons_es_index_js-node_mod-cc0141.js:340321
[  558480ms] [LOG] i18next: initialized {debug: true, initAsync: true, ns: Array(1), defaultNS: Array(1), fallbackLng: Array(1)} @ http://localhost:5175/static/js/vendors-node_modules_katex_dist_katex_min_css-node_modules_lobehub_icons_es_index_js-node_mod-cc0141.js:340321
[  558972ms] [INFO] [rsbuild] WebSocket connected. @ http://localhost:5175/static/js/vendors-node_modules_katex_dist_katex_min_css-node_modules_lobehub_icons_es_index_js-node_mod-cc0141.js:272395
[  560023ms] [INFO] [rsbuild] WebSocket connecting... @ http://localhost:5175/static/js/vendors-node_modules_katex_dist_katex_min_css-node_modules_lobehub_icons_es_index_js-node_mod-cc0141.js:272395
[  560027ms] [INFO] %cDownload the React DevTools for a better development experience: https://react.dev/link/react-devtools font-weight:bold @ http://localhost:5175/static/js/lib-react.js:28005
[  560040ms] [LOG] i18next: languageChanged zhCN @ http://localhost:5175/static/js/vendors-node_modules_katex_dist_katex_min_css-node_modules_lobehub_icons_es_index_js-node_mod-cc0141.js:340321
[  560040ms] [LOG] i18next: initialized {debug: true, initAsync: true, ns: Array(1), defaultNS: Array(1), fallbackLng: Array(1)} @ http://localhost:5175/static/js/vendors-node_modules_katex_dist_katex_min_css-node_modules_lobehub_icons_es_index_js-node_mod-cc0141.js:340321
[  560275ms] [LOG] i18next::translator: missingKey zhCN translation 噜噜岛 噜噜岛 @ http://localhost:5175/static/js/vendors-node_modules_katex_dist_katex_min_css-node_modules_lobehub_icons_es_index_js-node_mod-cc0141.js:340321
[  560275ms] [LOG] i18next::translator: missingKey zhCN translation 噜噜小屋 噜噜小屋 @ http://localhost:5175/static/js/vendors-node_modules_katex_dist_katex_min_css-node_modules_lobehub_icons_es_index_js-node_mod-cc0141.js:340321
[  560275ms] [LOG] i18next::translator: missingKey zhCN translation 伙伴乐园 伙伴乐园 @ http://localhost:5175/static/js/vendors-node_modules_katex_dist_katex_min_css-node_modules_lobehub_icons_es_index_js-node_mod-cc0141.js:340321
[  560276ms] [LOG] i18next::translator: missingKey zhCN translation 排行榜 排行榜 @ http://localhost:5175/static/js/vendors-node_modules_katex_dist_katex_min_css-node_modules_lobehub_icons_es_index_js-node_mod-cc0141.js:340321
[  560276ms] [LOG] i18next::translator: missingKey zhCN translation 文档 文档 @ http://localhost:5175/static/js/vendors-node_modules_katex_dist_katex_min_css-node_modules_lobehub_icons_es_index_js-node_mod-cc0141.js:340321
[  560276ms] [LOG] i18next::translator: missingKey zhCN translation 关于噜噜 关于噜噜 @ http://localhost:5175/static/js/vendors-node_modules_katex_dist_katex_min_css-node_modules_lobehub_icons_es_index_js-node_mod-cc0141.js:340321
[  560277ms] [LOG] i18next::translator: missingKey zhCN translation 噜噜岛 噜噜岛 @ http://localhost:5175/static/js/vendors-node_modules_katex_dist_katex_min_css-node_modules_lobehub_icons_es_index_js-node_mod-cc0141.js:340321
[  560277ms] [LOG] i18next::translator: missingKey zhCN translation 噜噜小屋 噜噜小屋 @ http://localhost:5175/static/js/vendors-node_modules_katex_dist_katex_min_css-node_modules_lobehub_icons_es_index_js-node_mod-cc0141.js:340321
[  560278ms] [LOG] i18next::translator: missingKey zhCN translation 伙伴乐园 伙伴乐园 @ http://localhost:5175/static/js/vendors-node_modules_katex_dist_katex_min_css-node_modules_lobehub_icons_es_index_js-node_mod-cc0141.js:340321
[  560278ms] [LOG] i18next::translator: missingKey zhCN translation 排行榜 排行榜 @ http://localhost:5175/static/js/vendors-node_modules_katex_dist_katex_min_css-node_modules_lobehub_icons_es_index_js-node_mod-cc0141.js:340321
[  560278ms] [LOG] i18next::translator: missingKey zhCN translation 文档 文档 @ http://localhost:5175/static/js/vendors-node_modules_katex_dist_katex_min_css-node_modules_lobehub_icons_es_index_js-node_mod-cc0141.js:340321
[  560278ms] [LOG] i18next::translator: missingKey zhCN translation 关于噜噜 关于噜噜 @ http://localhost:5175/static/js/vendors-node_modules_katex_dist_katex_min_css-node_modules_lobehub_icons_es_index_js-node_mod-cc0141.js:340321
[  560279ms] [LOG] i18next::translator: missingKey zhCN translation 噜噜岛 噜噜岛 @ http://localhost:5175/static/js/vendors-node_modules_katex_dist_katex_min_css-node_modules_lobehub_icons_es_index_js-node_mod-cc0141.js:340321
[  560279ms] [LOG] i18next::translator: missingKey zhCN translation 噜噜小屋 噜噜小屋 @ http://localhost:5175/static/js/vendors-node_modules_katex_dist_katex_min_css-node_modules_lobehub_icons_es_index_js-node_mod-cc0141.js:340321
[  560279ms] [LOG] i18next::translator: missingKey zhCN translation 伙伴乐园 伙伴乐园 @ http://localhost:5175/static/js/vendors-node_modules_katex_dist_katex_min_css-node_modules_lobehub_icons_es_index_js-node_mod-cc0141.js:340321
[  560280ms] [LOG] i18next::translator: missingKey zhCN translation 排行榜 排行榜 @ http://localhost:5175/static/js/vendors-node_modules_katex_dist_katex_min_css-node_modules_lobehub_icons_es_index_js-node_mod-cc0141.js:340321
[  560280ms] [LOG] i18next::translator: missingKey zhCN translation 文档 文档 @ http://localhost:5175/static/js/vendors-node_modules_katex_dist_katex_min_css-node_modules_lobehub_icons_es_index_js-node_mod-cc0141.js:340321
[  560280ms] [LOG] i18next::translator: missingKey zhCN translation 关于噜噜 关于噜噜 @ http://localhost:5175/static/js/vendors-node_modules_katex_dist_katex_min_css-node_modules_lobehub_icons_es_index_js-node_mod-cc0141.js:340321
[  560280ms] [LOG] i18next::translator: missingKey zhCN translation 噜噜岛 噜噜岛 @ http://localhost:5175/static/js/vendors-node_modules_katex_dist_katex_min_css-node_modules_lobehub_icons_es_index_js-node_mod-cc0141.js:340321
[  560280ms] [LOG] i18next::translator: missingKey zhCN translation 噜噜小屋 噜噜小屋 @ http://localhost:5175/static/js/vendors-node_modules_katex_dist_katex_min_css-node_modules_lobehub_icons_es_index_js-node_mod-cc0141.js:340321
[  560281ms] [LOG] i18next::translator: missingKey zhCN translation 伙伴乐园 伙伴乐园 @ http://localhost:5175/static/js/vendors-node_modules_katex_dist_katex_min_css-node_modules_lobehub_icons_es_index_js-node_mod-cc0141.js:340321
[  560281ms] [LOG] i18next::translator: missingKey zhCN translation 排行榜 排行榜 @ http://localhost:5175/static/js/vendors-node_modules_katex_dist_katex_min_css-node_modules_lobehub_icons_es_index_js-node_mod-cc0141.js:340321
[  560281ms] [LOG] i18next::translator: missingKey zhCN translation 文档 文档 @ http://localhost:5175/static/js/vendors-node_modules_katex_dist_katex_min_css-node_modules_lobehub_icons_es_index_js-node_mod-cc0141.js:340321
[  560281ms] [LOG] i18next::translator: missingKey zhCN translation 关于噜噜 关于噜噜 @ http://localhost:5175/static/js/vendors-node_modules_katex_dist_katex_min_css-node_modules_lobehub_icons_es_index_js-node_mod-cc0141.js:340321
[  560342ms] [LOG] i18next::translator: missingKey zhCN translation 噜噜岛 噜噜岛 @ http://localhost:5175/static/js/vendors-node_modules_katex_dist_katex_min_css-node_modules_lobehub_icons_es_index_js-node_mod-cc0141.js:340321
[  560342ms] [LOG] i18next::translator: missingKey zhCN translation 噜噜小屋 噜噜小屋 @ http://localhost:5175/static/js/vendors-node_modules_katex_dist_katex_min_css-node_modules_lobehub_icons_es_index_js-node_mod-cc0141.js:340321
[  560343ms] [LOG] i18next::translator: missingKey zhCN translation 伙伴乐园 伙伴乐园 @ http://localhost:5175/static/js/vendors-node_modules_katex_dist_katex_min_css-node_modules_lobehub_icons_es_index_js-node_mod-cc0141.js:340321
[  560343ms] [LOG] i18next::translator: missingKey zhCN translation 排行榜 排行榜 @ http://localhost:5175/static/js/vendors-node_modules_katex_dist_katex_min_css-node_modules_lobehub_icons_es_index_js-node_mod-cc0141.js:340321
[  560343ms] [LOG] i18next::translator: missingKey zhCN translation 文档 文档 @ http://localhost:5175/static/js/vendors-node_modules_katex_dist_katex_min_css-node_modules_lobehub_icons_es_index_js-node_mod-cc0141.js:340321
[  560343ms] [LOG] i18next::translator: missingKey zhCN translation 关于噜噜 关于噜噜 @ http://localhost:5175/static/js/vendors-node_modules_katex_dist_katex_min_css-node_modules_lobehub_icons_es_index_js-node_mod-cc0141.js:340321
[  560344ms] [LOG] i18next::translator: missingKey zhCN translation 噜噜岛 噜噜岛 @ http://localhost:5175/static/js/vendors-node_modules_katex_dist_katex_min_css-node_modules_lobehub_icons_es_index_js-node_mod-cc0141.js:340321
[  560344ms] [LOG] i18next::translator: missingKey zhCN translation 噜噜小屋 噜噜小屋 @ http://localhost:5175/static/js/vendors-node_modules_katex_dist_katex_min_css-node_modules_lobehub_icons_es_index_js-node_mod-cc0141.js:340321
[  560344ms] [LOG] i18next::translator: missingKey zhCN translation 伙伴乐园 伙伴乐园 @ http://localhost:5175/static/js/vendors-node_modules_katex_dist_katex_min_css-node_modules_lobehub_icons_es_index_js-node_mod-cc0141.js:340321
[  560344ms] [LOG] i18next::translator: missingKey zhCN translation 排行榜 排行榜 @ http://localhost:5175/static/js/vendors-node_modules_katex_dist_katex_min_css-node_modules_lobehub_icons_es_index_js-node_mod-cc0141.js:340321
[  560345ms] [LOG] i18next::translator: missingKey zhCN translation 文档 文档 @ http://localhost:5175/static/js/vendors-node_modules_katex_dist_katex_min_css-node_modules_lobehub_icons_es_index_js-node_mod-cc0141.js:340321
[  560345ms] [LOG] i18next::translator: missingKey zhCN translation 关于噜噜 关于噜噜 @ http://localhost:5175/static/js/vendors-node_modules_katex_dist_katex_min_css-node_modules_lobehub_icons_es_index_js-node_mod-cc0141.js:340321
[  560346ms] [LOG] i18next::translator: missingKey zhCN translation 噜噜岛 噜噜岛 @ http://localhost:5175/static/js/vendors-node_modules_katex_dist_katex_min_css-node_modules_lobehub_icons_es_index_js-node_mod-cc0141.js:340321
[  560346ms] [LOG] i18next::translator: missingKey zhCN translation 噜噜小屋 噜噜小屋 @ http://localhost:5175/static/js/vendors-node_modules_katex_dist_katex_min_css-node_modules_lobehub_icons_es_index_js-node_mod-cc0141.js:340321
[  560347ms] [LOG] i18next::translator: missingKey zhCN translation 伙伴乐园 伙伴乐园 @ http://localhost:5175/static/js/vendors-node_modules_katex_dist_katex_min_css-node_modules_lobehub_icons_es_index_js-node_mod-cc0141.js:340321
[  560347ms] [LOG] i18next::translator: missingKey zhCN translation 排行榜 排行榜 @ http://localhost:5175/static/js/vendors-node_modules_katex_dist_katex_min_css-node_modules_lobehub_icons_es_index_js-node_mod-cc0141.js:340321
[  560347ms] [LOG] i18next::translator: missingKey zhCN translation 文档 文档 @ http://localhost:5175/static/js/vendors-node_modules_katex_dist_katex_min_css-node_modules_lobehub_icons_es_index_js-node_mod-cc0141.js:340321
[  560347ms] [LOG] i18next::translator: missingKey zhCN translation 关于噜噜 关于噜噜 @ http://localhost:5175/static/js/vendors-node_modules_katex_dist_katex_min_css-node_modules_lobehub_icons_es_index_js-node_mod-cc0141.js:340321
[  560348ms] [LOG] i18next::translator: missingKey zhCN translation 噜噜岛 噜噜岛 @ http://localhost:5175/static/js/vendors-node_modules_katex_dist_katex_min_css-node_modules_lobehub_icons_es_index_js-node_mod-cc0141.js:340321
[  560348ms] [LOG] i18next::translator: missingKey zhCN translation 噜噜小屋 噜噜小屋 @ http://localhost:5175/static/js/vendors-node_modules_katex_dist_katex_min_css-node_modules_lobehub_icons_es_index_js-node_mod-cc0141.js:340321
[  560348ms] [LOG] i18next::translator: missingKey zhCN translation 伙伴乐园 伙伴乐园 @ http://localhost:5175/static/js/vendors-node_modules_katex_dist_katex_min_css-node_modules_lobehub_icons_es_index_js-node_mod-cc0141.js:340321
[  560349ms] [LOG] i18next::translator: missingKey zhCN translation 排行榜 排行榜 @ http://localhost:5175/static/js/vendors-node_modules_katex_dist_katex_min_css-node_modules_lobehub_icons_es_index_js-node_mod-cc0141.js:340321
[  560349ms] [LOG] i18next::translator: missingKey zhCN translation 文档 文档 @ http://localhost:5175/static/js/vendors-node_modules_katex_dist_katex_min_css-node_modules_lobehub_icons_es_index_js-node_mod-cc0141.js:340321
[  560349ms] [LOG] i18next::translator: missingKey zhCN translation 关于噜噜 关于噜噜 @ http://localhost:5175/static/js/vendors-node_modules_katex_dist_katex_min_css-node_modules_lobehub_icons_es_index_js-node_mod-cc0141.js:340321
[  560375ms] [LOG] i18next::translator: missingKey zhCN translation 噜噜岛 噜噜岛 @ http://localhost:5175/static/js/vendors-node_modules_katex_dist_katex_min_css-node_modules_lobehub_icons_es_index_js-node_mod-cc0141.js:340321
[  560375ms] [LOG] i18next::translator: missingKey zhCN translation 噜噜小屋 噜噜小屋 @ http://localhost:5175/static/js/vendors-node_modules_katex_dist_katex_min_css-node_modules_lobehub_icons_es_index_js-node_mod-cc0141.js:340321
[  560376ms] [LOG] i18next::translator: missingKey zhCN translation 伙伴乐园 伙伴乐园 @ http://localhost:5175/static/js/vendors-node_modules_katex_dist_katex_min_css-node_modules_lobehub_icons_es_index_js-node_mod-cc0141.js:340321
[  560376ms] [LOG] i18next::translator: missingKey zhCN translation 排行榜 排行榜 @ http://localhost:5175/static/js/vendors-node_modules_katex_dist_katex_min_css-node_modules_lobehub_icons_es_index_js-node_mod-cc0141.js:340321
[  560376ms] [LOG] i18next::translator: missingKey zhCN translation 文档 文档 @ http://localhost:5175/static/js/vendors-node_modules_katex_dist_katex_min_css-node_modules_lobehub_icons_es_index_js-node_mod-cc0141.js:340321
[  560376ms] [LOG] i18next::translator: missingKey zhCN translation 关于噜噜 关于噜噜 @ http://localhost:5175/static/js/vendors-node_modules_katex_dist_katex_min_css-node_modules_lobehub_icons_es_index_js-node_mod-cc0141.js:340321
[  560377ms] [LOG] i18next::translator: missingKey zhCN translation 噜噜岛 噜噜岛 @ http://localhost:5175/static/js/vendors-node_modules_katex_dist_katex_min_css-node_modules_lobehub_icons_es_index_js-node_mod-cc0141.js:340321
[  560377ms] [LOG] i18next::translator: missingKey zhCN translation 噜噜小屋 噜噜小屋 @ http://localhost:5175/static/js/vendors-node_modules_katex_dist_katex_min_css-node_modules_lobehub_icons_es_index_js-node_mod-cc0141.js:340321
[  560377ms] [LOG] i18next::translator: missingKey zhCN translation 伙伴乐园 伙伴乐园 @ http://localhost:5175/static/js/vendors-node_modules_katex_dist_katex_min_css-node_modules_lobehub_icons_es_index_js-node_mod-cc0141.js:340321
[  560378ms] [LOG] i18next::translator: missingKey zhCN translation 排行榜 排行榜 @ http://localhost:5175/static/js/vendors-node_modules_katex_dist_katex_min_css-node_modules_lobehub_icons_es_index_js-node_mod-cc0141.js:340321
[  560378ms] [LOG] i18next::translator: missingKey zhCN translation 文档 文档 @ http://localhost:5175/static/js/vendors-node_modules_katex_dist_katex_min_css-node_modules_lobehub_icons_es_index_js-node_mod-cc0141.js:340321
[  560378ms] [LOG] i18next::translator: missingKey zhCN translation 关于噜噜 关于噜噜 @ http://localhost:5175/static/js/vendors-node_modules_katex_dist_katex_min_css-node_modules_lobehub_icons_es_index_js-node_mod-cc0141.js:340321
[  560380ms] [LOG] i18next::translator: missingKey zhCN translation 噜噜岛 噜噜岛 @ http://localhost:5175/static/js/vendors-node_modules_katex_dist_katex_min_css-node_modules_lobehub_icons_es_index_js-node_mod-cc0141.js:340321
[  560380ms] [LOG] i18next::translator: missingKey zhCN translation 噜噜小屋 噜噜小屋 @ http://localhost:5175/static/js/vendors-node_modules_katex_dist_katex_min_css-node_modules_lobehub_icons_es_index_js-node_mod-cc0141.js:340321
[  560380ms] [LOG] i18next::translator: missingKey zhCN translation 伙伴乐园 伙伴乐园 @ http://localhost:5175/static/js/vendors-node_modules_katex_dist_katex_min_css-node_modules_lobehub_icons_es_index_js-node_mod-cc0141.js:340321
[  560380ms] [LOG] i18next::translator: missingKey zhCN translation 排行榜 排行榜 @ http://localhost:5175/static/js/vendors-node_modules_katex_dist_katex_min_css-node_modules_lobehub_icons_es_index_js-node_mod-cc0141.js:340321
[  560381ms] [LOG] i18next::translator: missingKey zhCN translation 文档 文档 @ http://localhost:5175/static/js/vendors-node_modules_katex_dist_katex_min_css-node_modules_lobehub_icons_es_index_js-node_mod-cc0141.js:340321
[  560381ms] [LOG] i18next::translator: missingKey zhCN translation 关于噜噜 关于噜噜 @ http://localhost:5175/static/js/vendors-node_modules_katex_dist_katex_min_css-node_modules_lobehub_icons_es_index_js-node_mod-cc0141.js:340321
[  560381ms] [LOG] i18next::translator: missingKey zhCN translation 噜噜岛 噜噜岛 @ http://localhost:5175/static/js/vendors-node_modules_katex_dist_katex_min_css-node_modules_lobehub_icons_es_index_js-node_mod-cc0141.js:340321
[  560381ms] [LOG] i18next::translator: missingKey zhCN translation 噜噜小屋 噜噜小屋 @ http://localhost:5175/static/js/vendors-node_modules_katex_dist_katex_min_css-node_modules_lobehub_icons_es_index_js-node_mod-cc0141.js:340321
[  560382ms] [LOG] i18next::translator: missingKey zhCN translation 伙伴乐园 伙伴乐园 @ http://localhost:5175/static/js/vendors-node_modules_katex_dist_katex_min_css-node_modules_lobehub_icons_es_index_js-node_mod-cc0141.js:340321
[  560382ms] [LOG] i18next::translator: missingKey zhCN translation 排行榜 排行榜 @ http://localhost:5175/static/js/vendors-node_modules_katex_dist_katex_min_css-node_modules_lobehub_icons_es_index_js-node_mod-cc0141.js:340321
[  560382ms] [LOG] i18next::translator: missingKey zhCN translation 文档 文档 @ http://localhost:5175/static/js/vendors-node_modules_katex_dist_katex_min_css-node_modules_lobehub_icons_es_index_js-node_mod-cc0141.js:340321
[  560382ms] [LOG] i18next::translator: missingKey zhCN translation 关于噜噜 关于噜噜 @ http://localhost:5175/static/js/vendors-node_modules_katex_dist_katex_min_css-node_modules_lobehub_icons_es_index_js-node_mod-cc0141.js:340321
[  560403ms] [LOG] i18next::translator: missingKey zhCN translation 噜噜岛 噜噜岛 @ http://localhost:5175/static/js/vendors-node_modules_katex_dist_katex_min_css-node_modules_lobehub_icons_es_index_js-node_mod-cc0141.js:340321
[  560403ms] [LOG] i18next::translator: missingKey zhCN translation 噜噜小屋 噜噜小屋 @ http://localhost:5175/static/js/vendors-node_modules_katex_dist_katex_min_css-node_modules_lobehub_icons_es_index_js-node_mod-cc0141.js:340321
[  560404ms] [LOG] i18next::translator: missingKey zhCN translation 伙伴乐园 伙伴乐园 @ http://localhost:5175/static/js/vendors-node_modules_katex_dist_katex_min_css-node_modules_lobehub_icons_es_index_js-node_mod-cc0141.js:340321
[  560404ms] [LOG] i18next::translator: missingKey zhCN translation 排行榜 排行榜 @ http://localhost:5175/static/js/vendors-node_modules_katex_dist_katex_min_css-node_modules_lobehub_icons_es_index_js-node_mod-cc0141.js:340321
[  560404ms] [LOG] i18next::translator: missingKey zhCN translation 文档 文档 @ http://localhost:5175/static/js/vendors-node_modules_katex_dist_katex_min_css-node_modules_lobehub_icons_es_index_js-node_mod-cc0141.js:340321
[  560404ms] [LOG] i18next::translator: missingKey zhCN translation 关于噜噜 关于噜噜 @ http://localhost:5175/static/js/vendors-node_modules_katex_dist_katex_min_css-node_modules_lobehub_icons_es_index_js-node_mod-cc0141.js:340321
[  560405ms] [LOG] i18next::translator: missingKey zhCN translation 噜噜岛 噜噜岛 @ http://localhost:5175/static/js/vendors-node_modules_katex_dist_katex_min_css-node_modules_lobehub_icons_es_index_js-node_mod-cc0141.js:340321
[  560405ms] [LOG] i18next::translator: missingKey zhCN translation 噜噜小屋 噜噜小屋 @ http://localhost:5175/static/js/vendors-node_modules_katex_dist_katex_min_css-node_modules_lobehub_icons_es_index_js-node_mod-cc0141.js:340321
[  560405ms] [LOG] i18next::translator: missingKey zhCN translation 伙伴乐园 伙伴乐园 @ http://localhost:5175/static/js/vendors-node_modules_katex_dist_katex_min_css-node_modules_lobehub_icons_es_index_js-node_mod-cc0141.js:340321
[  560405ms] [LOG] i18next::translator: missingKey zhCN translation 排行榜 排行榜 @ http://localhost:5175/static/js/vendors-node_modules_katex_dist_katex_min_css-node_modules_lobehub_icons_es_index_js-node_mod-cc0141.js:340321
[  560405ms] [LOG] i18next::translator: missingKey zhCN translation 文档 文档 @ http://localhost:5175/static/js/vendors-node_modules_katex_dist_katex_min_css-node_modules_lobehub_icons_es_index_js-node_mod-cc0141.js:340321
[  560405ms] [LOG] i18next::translator: missingKey zhCN translation 关于噜噜 关于噜噜 @ http://localhost:5175/static/js/vendors-node_modules_katex_dist_katex_min_css-node_modules_lobehub_icons_es_index_js-node_mod-cc0141.js:340321
[  560406ms] [LOG] i18next::translator: missingKey zhCN translation 噜噜岛 噜噜岛 @ http://localhost:5175/static/js/vendors-node_modules_katex_dist_katex_min_css-node_modules_lobehub_icons_es_index_js-node_mod-cc0141.js:340321
[  560406ms] [LOG] i18next::translator: missingKey zhCN translation 噜噜小屋 噜噜小屋 @ http://localhost:5175/static/js/vendors-node_modules_katex_dist_katex_min_css-node_modules_lobehub_icons_es_index_js-node_mod-cc0141.js:340321
[  560407ms] [LOG] i18next::translator: missingKey zhCN translation 伙伴乐园 伙伴乐园 @ http://localhost:5175/static/js/vendors-node_modules_katex_dist_katex_min_css-node_modules_lobehub_icons_es_index_js-node_mod-cc0141.js:340321
[  560407ms] [LOG] i18next::translator: missingKey zhCN translation 排行榜 排行榜 @ http://localhost:5175/static/js/vendors-node_modules_katex_dist_katex_min_css-node_modules_lobehub_icons_es_index_js-node_mod-cc0141.js:340321
[  560407ms] [LOG] i18next::translator: missingKey zhCN translation 文档 文档 @ http://localhost:5175/static/js/vendors-node_modules_katex_dist_katex_min_css-node_modules_lobehub_icons_es_index_js-node_mod-cc0141.js:340321
[  560407ms] [LOG] i18next::translator: missingKey zhCN translation 关于噜噜 关于噜噜 @ http://localhost:5175/static/js/vendors-node_modules_katex_dist_katex_min_css-node_modules_lobehub_icons_es_index_js-node_mod-cc0141.js:340321
[  560407ms] [LOG] i18next::translator: missingKey zhCN translation 噜噜岛 噜噜岛 @ http://localhost:5175/static/js/vendors-node_modules_katex_dist_katex_min_css-node_modules_lobehub_icons_es_index_js-node_mod-cc0141.js:340321
[  560407ms] [LOG] i18next::translator: missingKey zhCN translation 噜噜小屋 噜噜小屋 @ http://localhost:5175/static/js/vendors-node_modules_katex_dist_katex_min_css-node_modules_lobehub_icons_es_index_js-node_mod-cc0141.js:340321
[  560407ms] [LOG] i18next::translator: missingKey zhCN translation 伙伴乐园 伙伴乐园 @ http://localhost:5175/static/js/vendors-node_modules_katex_dist_katex_min_css-node_modules_lobehub_icons_es_index_js-node_mod-cc0141.js:340321
[  560408ms] [LOG] i18next::translator: missingKey zhCN translation 排行榜 排行榜 @ http://localhost:5175/static/js/vendors-node_modules_katex_dist_katex_min_css-node_modules_lobehub_icons_es_index_js-node_mod-cc0141.js:340321
[  560408ms] [LOG] i18next::translator: missingKey zhCN translation 文档 文档 @ http://localhost:5175/static/js/vendors-node_modules_katex_dist_katex_min_css-node_modules_lobehub_icons_es_index_js-node_mod-cc0141.js:340321
[  560408ms] [LOG] i18next::translator: missingKey zhCN translation 关于噜噜 关于噜噜 @ http://localhost:5175/static/js/vendors-node_modules_katex_dist_katex_min_css-node_modules_lobehub_icons_es_index_js-node_mod-cc0141.js:340321
[  560423ms] [INFO] [rsbuild] WebSocket connected. @ http://localhost:5175/static/js/vendors-node_modules_katex_dist_katex_min_css-node_modules_lobehub_icons_es_index_js-node_mod-cc0141.js:272395
[  560425ms] [LOG] i18next::translator: missingKey zhCN translation 噜噜岛 噜噜岛 @ http://localhost:5175/static/js/vendors-node_modules_katex_dist_katex_min_css-node_modules_lobehub_icons_es_index_js-node_mod-cc0141.js:340321
[  560426ms] [LOG] i18next::translator: missingKey zhCN translation 噜噜小屋 噜噜小屋 @ http://localhost:5175/static/js/vendors-node_modules_katex_dist_katex_min_css-node_modules_lobehub_icons_es_index_js-node_mod-cc0141.js:340321
[  560426ms] [LOG] i18next::translator: missingKey zhCN translation 伙伴乐园 伙伴乐园 @ http://localhost:5175/static/js/vendors-node_modules_katex_dist_katex_min_css-node_modules_lobehub_icons_es_index_js-node_mod-cc0141.js:340321
[  560426ms] [LOG] i18next::translator: missingKey zhCN translation 排行榜 排行榜 @ http://localhost:5175/static/js/vendors-node_modules_katex_dist_katex_min_css-node_modules_lobehub_icons_es_index_js-node_mod-cc0141.js:340321
[  560426ms] [LOG] i18next::translator: missingKey zhCN translation 文档 文档 @ http://localhost:5175/static/js/vendors-node_modules_katex_dist_katex_min_css-node_modules_lobehub_icons_es_index_js-node_mod-cc0141.js:340321
[  560426ms] [LOG] i18next::translator: missingKey zhCN translation 关于噜噜 关于噜噜 @ http://localhost:5175/static/js/vendors-node_modules_katex_dist_katex_min_css-node_modules_lobehub_icons_es_index_js-node_mod-cc0141.js:340321
[  560427ms] [LOG] i18next::translator: missingKey zhCN translation 噜噜岛 噜噜岛 @ http://localhost:5175/static/js/vendors-node_modules_katex_dist_katex_min_css-node_modules_lobehub_icons_es_index_js-node_mod-cc0141.js:340321
[  560427ms] [LOG] i18next::translator: missingKey zhCN translation 噜噜小屋 噜噜小屋 @ http://localhost:5175/static/js/vendors-node_modules_katex_dist_katex_min_css-node_modules_lobehub_icons_es_index_js-node_mod-cc0141.js:340321
[  560427ms] [LOG] i18next::translator: missingKey zhCN translation 伙伴乐园 伙伴乐园 @ http://localhost:5175/static/js/vendors-node_modules_katex_dist_katex_min_css-node_modules_lobehub_icons_es_index_js-node_mod-cc0141.js:340321
[  560427ms] [LOG] i18next::translator: missingKey zhCN translation 排行榜 排行榜 @ http://localhost:5175/static/js/vendors-node_modules_katex_dist_katex_min_css-node_modules_lobehub_icons_es_index_js-node_mod-cc0141.js:340321
[  560427ms] [LOG] i18next::translator: missingKey zhCN translation 文档 文档 @ http://localhost:5175/static/js/vendors-node_modules_katex_dist_katex_min_css-node_modules_lobehub_icons_es_index_js-node_mod-cc0141.js:340321
[  560427ms] [LOG] i18next::translator: missingKey zhCN translation 关于噜噜 关于噜噜 @ http://localhost:5175/static/js/vendors-node_modules_katex_dist_katex_min_css-node_modules_lobehub_icons_es_index_js-node_mod-cc0141.js:340321
[  560428ms] [LOG] i18next::translator: missingKey zhCN translation 噜噜岛 噜噜岛 @ http://localhost:5175/static/js/vendors-node_modules_katex_dist_katex_min_css-node_modules_lobehub_icons_es_index_js-node_mod-cc0141.js:340321
[  560429ms] [LOG] i18next::translator: missingKey zhCN translation 噜噜小屋 噜噜小屋 @ http://localhost:5175/static/js/vendors-node_modules_katex_dist_katex_min_css-node_modules_lobehub_icons_es_index_js-node_mod-cc0141.js:340321
[  560429ms] [LOG] i18next::translator: missingKey zhCN translation 伙伴乐园 伙伴乐园 @ http://localhost:5175/static/js/vendors-node_modules_katex_dist_katex_min_css-node_modules_lobehub_icons_es_index_js-node_mod-cc0141.js:340321
[  560429ms] [LOG] i18next::translator: missingKey zhCN translation 排行榜 排行榜 @ http://localhost:5175/static/js/vendors-node_modules_katex_dist_katex_min_css-node_modules_lobehub_icons_es_index_js-node_mod-cc0141.js:340321
[  560429ms] [LOG] i18next::translator: missingKey zhCN translation 文档 文档 @ http://localhost:5175/static/js/vendors-node_modules_katex_dist_katex_min_css-node_modules_lobehub_icons_es_index_js-node_mod-cc0141.js:340321
[  560429ms] [LOG] i18next::translator: missingKey zhCN translation 关于噜噜 关于噜噜 @ http://localhost:5175/static/js/vendors-node_modules_katex_dist_katex_min_css-node_modules_lobehub_icons_es_index_js-node_mod-cc0141.js:340321
[  560430ms] [LOG] i18next::translator: missingKey zhCN translation 噜噜岛 噜噜岛 @ http://localhost:5175/static/js/vendors-node_modules_katex_dist_katex_min_css-node_modules_lobehub_icons_es_index_js-node_mod-cc0141.js:340321
[  560430ms] [LOG] i18next::translator: missingKey zhCN translation 噜噜小屋 噜噜小屋 @ http://localhost:5175/static/js/vendors-node_modules_katex_dist_katex_min_css-node_modules_lobehub_icons_es_index_js-node_mod-cc0141.js:340321
[  560430ms] [LOG] i18next::translator: missingKey zhCN translation 伙伴乐园 伙伴乐园 @ http://localhost:5175/static/js/vendors-node_modules_katex_dist_katex_min_css-node_modules_lobehub_icons_es_index_js-node_mod-cc0141.js:340321
[  560430ms] [LOG] i18next::translator: missingKey zhCN translation 排行榜 排行榜 @ http://localhost:5175/static/js/vendors-node_modules_katex_dist_katex_min_css-node_modules_lobehub_icons_es_index_js-node_mod-cc0141.js:340321
[  560430ms] [LOG] i18next::translator: missingKey zhCN translation 文档 文档 @ http://localhost:5175/static/js/vendors-node_modules_katex_dist_katex_min_css-node_modules_lobehub_icons_es_index_js-node_mod-cc0141.js:340321
[  560430ms] [LOG] i18next::translator: missingKey zhCN translation 关于噜噜 关于噜噜 @ http://localhost:5175/static/js/vendors-node_modules_katex_dist_katex_min_css-node_modules_lobehub_icons_es_index_js-node_mod-cc0141.js:340321
[  560477ms] [LOG] i18next::translator: missingKey zhCN translation 噜噜岛 噜噜岛 @ http://localhost:5175/static/js/vendors-node_modules_katex_dist_katex_min_css-node_modules_lobehub_icons_es_index_js-node_mod-cc0141.js:340321
[  560477ms] [LOG] i18next::translator: missingKey zhCN translation 噜噜小屋 噜噜小屋 @ http://localhost:5175/static/js/vendors-node_modules_katex_dist_katex_min_css-node_modules_lobehub_icons_es_index_js-node_mod-cc0141.js:340321
[  560477ms] [LOG] i18next::translator: missingKey zhCN translation 伙伴乐园 伙伴乐园 @ http://localhost:5175/static/js/vendors-node_modules_katex_dist_katex_min_css-node_modules_lobehub_icons_es_index_js-node_mod-cc0141.js:340321
[  560478ms] [LOG] i18next::translator: missingKey zhCN translation 排行榜 排行榜 @ http://localhost:5175/static/js/vendors-node_modules_katex_dist_katex_min_css-node_modules_lobehub_icons_es_index_js-node_mod-cc0141.js:340321
[  560478ms] [LOG] i18next::translator: missingKey zhCN translation 文档 文档 @ http://localhost:5175/static/js/vendors-node_modules_katex_dist_katex_min_css-node_modules_lobehub_icons_es_index_js-node_mod-cc0141.js:340321
[  560478ms] [LOG] i18next::translator: missingKey zhCN translation 关于噜噜 关于噜噜 @ http://localhost:5175/static/js/vendors-node_modules_katex_dist_katex_min_css-node_modules_lobehub_icons_es_index_js-node_mod-cc0141.js:340321
[  560478ms] [LOG] i18next::translator: missingKey zhCN translation 噜噜岛 噜噜岛 @ http://localhost:5175/static/js/vendors-node_modules_katex_dist_katex_min_css-node_modules_lobehub_icons_es_index_js-node_mod-cc0141.js:340321
[  560479ms] [LOG] i18next::translator: missingKey zhCN translation 噜噜小屋 噜噜小屋 @ http://localhost:5175/static/js/vendors-node_modules_katex_dist_katex_min_css-node_modules_lobehub_icons_es_index_js-node_mod-cc0141.js:340321
[  560479ms] [LOG] i18next::translator: missingKey zhCN translation 伙伴乐园 伙伴乐园 @ http://localhost:5175/static/js/vendors-node_modules_katex_dist_katex_min_css-node_modules_lobehub_icons_es_index_js-node_mod-cc0141.js:340321
[  560479ms] [LOG] i18next::translator: missingKey zhCN translation 排行榜 排行榜 @ http://localhost:5175/static/js/vendors-node_modules_katex_dist_katex_min_css-node_modules_lobehub_icons_es_index_js-node_mod-cc0141.js:340321
[  560479ms] [LOG] i18next::translator: missingKey zhCN translation 文档 文档 @ http://localhost:5175/static/js/vendors-node_modules_katex_dist_katex_min_css-node_modules_lobehub_icons_es_index_js-node_mod-cc0141.js:340321
[  560479ms] [LOG] i18next::translator: missingKey zhCN translation 关于噜噜 关于噜噜 @ http://localhost:5175/static/js/vendors-node_modules_katex_dist_katex_min_css-node_modules_lobehub_icons_es_index_js-node_mod-cc0141.js:340321
[  560480ms] [LOG] i18next::translator: missingKey zhCN translation 噜噜岛 噜噜岛 @ http://localhost:5175/static/js/vendors-node_modules_katex_dist_katex_min_css-node_modules_lobehub_icons_es_index_js-node_mod-cc0141.js:340321
[  560480ms] [LOG] i18next::translator: missingKey zhCN translation 噜噜小屋 噜噜小屋 @ http://localhost:5175/static/js/vendors-node_modules_katex_dist_katex_min_css-node_modules_lobehub_icons_es_index_js-node_mod-cc0141.js:340321
[  560480ms] [LOG] i18next::translator: missingKey zhCN translation 伙伴乐园 伙伴乐园 @ http://localhost:5175/static/js/vendors-node_modules_katex_dist_katex_min_css-node_modules_lobehub_icons_es_index_js-node_mod-cc0141.js:340321
[  560480ms] [LOG] i18next::translator: missingKey zhCN translation 排行榜 排行榜 @ http://localhost:5175/static/js/vendors-node_modules_katex_dist_katex_min_css-node_modules_lobehub_icons_es_index_js-node_mod-cc0141.js:340321
[  560481ms] [LOG] i18next::translator: missingKey zhCN translation 文档 文档 @ http://localhost:5175/static/js/vendors-node_modules_katex_dist_katex_min_css-node_modules_lobehub_icons_es_index_js-node_mod-cc0141.js:340321
[  560481ms] [LOG] i18next::translator: missingKey zhCN translation 关于噜噜 关于噜噜 @ http://localhost:5175/static/js/vendors-node_modules_katex_dist_katex_min_css-node_modules_lobehub_icons_es_index_js-node_mod-cc0141.js:340321
[  560481ms] [LOG] i18next::translator: missingKey zhCN translation 噜噜岛 噜噜岛 @ http://localhost:5175/static/js/vendors-node_modules_katex_dist_katex_min_css-node_modules_lobehub_icons_es_index_js-node_mod-cc0141.js:340321
[  560481ms] [LOG] i18next::translator: missingKey zhCN translation 噜噜小屋 噜噜小屋 @ http://localhost:5175/static/js/vendors-node_modules_katex_dist_katex_min_css-node_modules_lobehub_icons_es_index_js-node_mod-cc0141.js:340321
[  560482ms] [LOG] i18next::translator: missingKey zhCN translation 伙伴乐园 伙伴乐园 @ http://localhost:5175/static/js/vendors-node_modules_katex_dist_katex_min_css-node_modules_lobehub_icons_es_index_js-node_mod-cc0141.js:340321
[  560482ms] [LOG] i18next::translator: missingKey zhCN translation 排行榜 排行榜 @ http://localhost:5175/static/js/vendors-node_modules_katex_dist_katex_min_css-node_modules_lobehub_icons_es_index_js-node_mod-cc0141.js:340321
[  560482ms] [LOG] i18next::translator: missingKey zhCN translation 文档 文档 @ http://localhost:5175/static/js/vendors-node_modules_katex_dist_katex_min_css-node_modules_lobehub_icons_es_index_js-node_mod-cc0141.js:340321
[  560482ms] [LOG] i18next::translator: missingKey zhCN translation 关于噜噜 关于噜噜 @ http://localhost:5175/static/js/vendors-node_modules_katex_dist_katex_min_css-node_modules_lobehub_icons_es_index_js-node_mod-cc0141.js:340321
[  560496ms] [LOG] i18next::translator: missingKey zhCN translation 噜噜岛 噜噜岛 @ http://localhost:5175/static/js/vendors-node_modules_katex_dist_katex_min_css-node_modules_lobehub_icons_es_index_js-node_mod-cc0141.js:340321
[  560496ms] [LOG] i18next::translator: missingKey zhCN translation 噜噜小屋 噜噜小屋 @ http://localhost:5175/static/js/vendors-node_modules_katex_dist_katex_min_css-node_modules_lobehub_icons_es_index_js-node_mod-cc0141.js:340321
[  560496ms] [LOG] i18next::translator: missingKey zhCN translation 伙伴乐园 伙伴乐园 @ http://localhost:5175/static/js/vendors-node_modules_katex_dist_katex_min_css-node_modules_lobehub_icons_es_index_js-node_mod-cc0141.js:340321
[  560497ms] [LOG] i18next::translator: missingKey zhCN translation 排行榜 排行榜 @ http://localhost:5175/static/js/vendors-node_modules_katex_dist_katex_min_css-node_modules_lobehub_icons_es_index_js-node_mod-cc0141.js:340321
[  560497ms] [LOG] i18next::translator: missingKey zhCN translation 文档 文档 @ http://localhost:5175/static/js/vendors-node_modules_katex_dist_katex_min_css-node_modules_lobehub_icons_es_index_js-node_mod-cc0141.js:340321
[  560497ms] [LOG] i18next::translator: missingKey zhCN translation 关于噜噜 关于噜噜 @ http://localhost:5175/static/js/vendors-node_modules_katex_dist_katex_min_css-node_modules_lobehub_icons_es_index_js-node_mod-cc0141.js:340321
[  560497ms] [LOG] i18next::translator: missingKey zhCN translation 噜噜岛 噜噜岛 @ http://localhost:5175/static/js/vendors-node_modules_katex_dist_katex_min_css-node_modules_lobehub_icons_es_index_js-node_mod-cc0141.js:340321
[  560498ms] [LOG] i18next::translator: missingKey zhCN translation 噜噜小屋 噜噜小屋 @ http://localhost:5175/static/js/vendors-node_modules_katex_dist_katex_min_css-node_modules_lobehub_icons_es_index_js-node_mod-cc0141.js:340321
[  560498ms] [LOG] i18next::translator: missingKey zhCN translation 伙伴乐园 伙伴乐园 @ http://localhost:5175/static/js/vendors-node_modules_katex_dist_katex_min_css-node_modules_lobehub_icons_es_index_js-node_mod-cc0141.js:340321
[  560498ms] [LOG] i18next::translator: missingKey zhCN translation 排行榜 排行榜 @ http://localhost:5175/static/js/vendors-node_modules_katex_dist_katex_min_css-node_modules_lobehub_icons_es_index_js-node_mod-cc0141.js:340321
[  560498ms] [LOG] i18next::translator: missingKey zhCN translation 文档 文档 @ http://localhost:5175/static/js/vendors-node_modules_katex_dist_katex_min_css-node_modules_lobehub_icons_es_index_js-node_mod-cc0141.js:340321
[  560498ms] [LOG] i18next::translator: missingKey zhCN translation 关于噜噜 关于噜噜 @ http://localhost:5175/static/js/vendors-node_modules_katex_dist_katex_min_css-node_modules_lobehub_icons_es_index_js-node_mod-cc0141.js:340321
[  560499ms] [LOG] i18next::translator: missingKey zhCN translation 噜噜岛 噜噜岛 @ http://localhost:5175/static/js/vendors-node_modules_katex_dist_katex_min_css-node_modules_lobehub_icons_es_index_js-node_mod-cc0141.js:340321
[  560500ms] [LOG] i18next::translator: missingKey zhCN translation 噜噜小屋 噜噜小屋 @ http://localhost:5175/static/js/vendors-node_modules_katex_dist_katex_min_css-node_modules_lobehub_icons_es_index_js-node_mod-cc0141.js:340321
[  560500ms] [LOG] i18next::translator: missingKey zhCN translation 伙伴乐园 伙伴乐园 @ http://localhost:5175/static/js/vendors-node_modules_katex_dist_katex_min_css-node_modules_lobehub_icons_es_index_js-node_mod-cc0141.js:340321
[  560500ms] [LOG] i18next::translator: missingKey zhCN translation 排行榜 排行榜 @ http://localhost:5175/static/js/vendors-node_modules_katex_dist_katex_min_css-node_modules_lobehub_icons_es_index_js-node_mod-cc0141.js:340321
[  560500ms] [LOG] i18next::translator: missingKey zhCN translation 文档 文档 @ http://localhost:5175/static/js/vendors-node_modules_katex_dist_katex_min_css-node_modules_lobehub_icons_es_index_js-node_mod-cc0141.js:340321
[  560500ms] [LOG] i18next::translator: missingKey zhCN translation 关于噜噜 关于噜噜 @ http://localhost:5175/static/js/vendors-node_modules_katex_dist_katex_min_css-node_modules_lobehub_icons_es_index_js-node_mod-cc0141.js:340321
[  560501ms] [LOG] i18next::translator: missingKey zhCN translation 噜噜岛 噜噜岛 @ http://localhost:5175/static/js/vendors-node_modules_katex_dist_katex_min_css-node_modules_lobehub_icons_es_index_js-node_mod-cc0141.js:340321
[  560501ms] [LOG] i18next::translator: missingKey zhCN translation 噜噜小屋 噜噜小屋 @ http://localhost:5175/static/js/vendors-node_modules_katex_dist_katex_min_css-node_modules_lobehub_icons_es_index_js-node_mod-cc0141.js:340321
[  560502ms] [LOG] i18next::translator: missingKey zhCN translation 伙伴乐园 伙伴乐园 @ http://localhost:5175/static/js/vendors-node_modules_katex_dist_katex_min_css-node_modules_lobehub_icons_es_index_js-node_mod-cc0141.js:340321
[  560502ms] [LOG] i18next::translator: missingKey zhCN translation 排行榜 排行榜 @ http://localhost:5175/static/js/vendors-node_modules_katex_dist_katex_min_css-node_modules_lobehub_icons_es_index_js-node_mod-cc0141.js:340321
[  560502ms] [LOG] i18next::translator: missingKey zhCN translation 文档 文档 @ http://localhost:5175/static/js/vendors-node_modules_katex_dist_katex_min_css-node_modules_lobehub_icons_es_index_js-node_mod-cc0141.js:340321
[  560502ms] [LOG] i18next::translator: missingKey zhCN translation 关于噜噜 关于噜噜 @ http://localhost:5175/static/js/vendors-node_modules_katex_dist_katex_min_css-node_modules_lobehub_icons_es_index_js-node_mod-cc0141.js:340321
[  561402ms] [INFO] [rsbuild] WebSocket connecting... @ http://localhost:5175/static/js/vendors-node_modules_katex_dist_katex_min_css-node_modules_lobehub_icons_es_index_js-node_mod-cc0141.js:272395
[  561405ms] [INFO] %cDownload the React DevTools for a better development experience: https://react.dev/link/react-devtools font-weight:bold @ http://localhost:5175/static/js/lib-react.js:28005
[  561419ms] [LOG] i18next: languageChanged zhCN @ http://localhost:5175/static/js/vendors-node_modules_katex_dist_katex_min_css-node_modules_lobehub_icons_es_index_js-node_mod-cc0141.js:340321
[  561419ms] [LOG] i18next: initialized {debug: true, initAsync: true, ns: Array(1), defaultNS: Array(1), fallbackLng: Array(1)} @ http://localhost:5175/static/js/vendors-node_modules_katex_dist_katex_min_css-node_modules_lobehub_icons_es_index_js-node_mod-cc0141.js:340321
[  561572ms] [LOG] i18next::translator: missingKey zhCN translation 噜噜岛 噜噜岛 @ http://localhost:5175/static/js/vendors-node_modules_katex_dist_katex_min_css-node_modules_lobehub_icons_es_index_js-node_mod-cc0141.js:340321
[  561573ms] [LOG] i18next::translator: missingKey zhCN translation 噜噜小屋 噜噜小屋 @ http://localhost:5175/static/js/vendors-node_modules_katex_dist_katex_min_css-node_modules_lobehub_icons_es_index_js-node_mod-cc0141.js:340321
[  561573ms] [LOG] i18next::translator: missingKey zhCN translation 伙伴乐园 伙伴乐园 @ http://localhost:5175/static/js/vendors-node_modules_katex_dist_katex_min_css-node_modules_lobehub_icons_es_index_js-node_mod-cc0141.js:340321
[  561573ms] [LOG] i18next::translator: missingKey zhCN translation 排行榜 排行榜 @ http://localhost:5175/static/js/vendors-node_modules_katex_dist_katex_min_css-node_modules_lobehub_icons_es_index_js-node_mod-cc0141.js:340321
[  561573ms] [LOG] i18next::translator: missingKey zhCN translation 文档 文档 @ http://localhost:5175/static/js/vendors-node_modules_katex_dist_katex_min_css-node_modules_lobehub_icons_es_index_js-node_mod-cc0141.js:340321
[  561573ms] [LOG] i18next::translator: missingKey zhCN translation 关于噜噜 关于噜噜 @ http://localhost:5175/static/js/vendors-node_modules_katex_dist_katex_min_css-node_modules_lobehub_icons_es_index_js-node_mod-cc0141.js:340321
[  561574ms] [LOG] i18next::translator: missingKey zhCN translation 噜噜岛 噜噜岛 @ http://localhost:5175/static/js/vendors-node_modules_katex_dist_katex_min_css-node_modules_lobehub_icons_es_index_js-node_mod-cc0141.js:340321
[  561574ms] [LOG] i18next::translator: missingKey zhCN translation 噜噜小屋 噜噜小屋 @ http://localhost:5175/static/js/vendors-node_modules_katex_dist_katex_min_css-node_modules_lobehub_icons_es_index_js-node_mod-cc0141.js:340321
[  561574ms] [LOG] i18next::translator: missingKey zhCN translation 伙伴乐园 伙伴乐园 @ http://localhost:5175/static/js/vendors-node_modules_katex_dist_katex_min_css-node_modules_lobehub_icons_es_index_js-node_mod-cc0141.js:340321
[  561574ms] [LOG] i18next::translator: missingKey zhCN translation 排行榜 排行榜 @ http://localhost:5175/static/js/vendors-node_modules_katex_dist_katex_min_css-node_modules_lobehub_icons_es_index_js-node_mod-cc0141.js:340321
[  561575ms] [LOG] i18next::translator: missingKey zhCN translation 文档 文档 @ http://localhost:5175/static/js/vendors-node_modules_katex_dist_katex_min_css-node_modules_lobehub_icons_es_index_js-node_mod-cc0141.js:340321
[  561575ms] [LOG] i18next::translator: missingKey zhCN translation 关于噜噜 关于噜噜 @ http://localhost:5175/static/js/vendors-node_modules_katex_dist_katex_min_css-node_modules_lobehub_icons_es_index_js-node_mod-cc0141.js:340321
[  561576ms] [LOG] i18next::translator: missingKey zhCN translation 噜噜岛 噜噜岛 @ http://localhost:5175/static/js/vendors-node_modules_katex_dist_katex_min_css-node_modules_lobehub_icons_es_index_js-node_mod-cc0141.js:340321
[  561576ms] [LOG] i18next::translator: missingKey zhCN translation 噜噜小屋 噜噜小屋 @ http://localhost:5175/static/js/vendors-node_modules_katex_dist_katex_min_css-node_modules_lobehub_icons_es_index_js-node_mod-cc0141.js:340321
[  561576ms] [LOG] i18next::translator: missingKey zhCN translation 伙伴乐园 伙伴乐园 @ http://localhost:5175/static/js/vendors-node_modules_katex_dist_katex_min_css-node_modules_lobehub_icons_es_index_js-node_mod-cc0141.js:340321
[  561576ms] [LOG] i18next::translator: missingKey zhCN translation 排行榜 排行榜 @ http://localhost:5175/static/js/vendors-node_modules_katex_dist_katex_min_css-node_modules_lobehub_icons_es_index_js-node_mod-cc0141.js:340321
[  561576ms] [LOG] i18next::translator: missingKey zhCN translation 文档 文档 @ http://localhost:5175/static/js/vendors-node_modules_katex_dist_katex_min_css-node_modules_lobehub_icons_es_index_js-node_mod-cc0141.js:340321
[  561576ms] [LOG] i18next::translator: missingKey zhCN translation 关于噜噜 关于噜噜 @ http://localhost:5175/static/js/vendors-node_modules_katex_dist_katex_min_css-node_modules_lobehub_icons_es_index_js-node_mod-cc0141.js:340321
[  561576ms] [LOG] i18next::translator: missingKey zhCN translation 噜噜岛 噜噜岛 @ http://localhost:5175/static/js/vendors-node_modules_katex_dist_katex_min_css-node_modules_lobehub_icons_es_index_js-node_mod-cc0141.js:340321
[  561577ms] [LOG] i18next::translator: missingKey zhCN translation 噜噜小屋 噜噜小屋 @ http://localhost:5175/static/js/vendors-node_modules_katex_dist_katex_min_css-node_modules_lobehub_icons_es_index_js-node_mod-cc0141.js:340321
[  561577ms] [LOG] i18next::translator: missingKey zhCN translation 伙伴乐园 伙伴乐园 @ http://localhost:5175/static/js/vendors-node_modules_katex_dist_katex_min_css-node_modules_lobehub_icons_es_index_js-node_mod-cc0141.js:340321
[  561577ms] [LOG] i18next::translator: missingKey zhCN translation 排行榜 排行榜 @ http://localhost:5175/static/js/vendors-node_modules_katex_dist_katex_min_css-node_modules_lobehub_icons_es_index_js-node_mod-cc0141.js:340321
[  561577ms] [LOG] i18next::translator: missingKey zhCN translation 文档 文档 @ http://localhost:5175/static/js/vendors-node_modules_katex_dist_katex_min_css-node_modules_lobehub_icons_es_index_js-node_mod-cc0141.js:340321
[  561577ms] [LOG] i18next::translator: missingKey zhCN translation 关于噜噜 关于噜噜 @ http://localhost:5175/static/js/vendors-node_modules_katex_dist_katex_min_css-node_modules_lobehub_icons_es_index_js-node_mod-cc0141.js:340321
[  561600ms] [LOG] i18next::translator: missingKey zhCN translation 噜噜岛 噜噜岛 @ http://localhost:5175/static/js/vendors-node_modules_katex_dist_katex_min_css-node_modules_lobehub_icons_es_index_js-node_mod-cc0141.js:340321
[  561600ms] [LOG] i18next::translator: missingKey zhCN translation 噜噜小屋 噜噜小屋 @ http://localhost:5175/static/js/vendors-node_modules_katex_dist_katex_min_css-node_modules_lobehub_icons_es_index_js-node_mod-cc0141.js:340321
[  561601ms] [LOG] i18next::translator: missingKey zhCN translation 伙伴乐园 伙伴乐园 @ http://localhost:5175/static/js/vendors-node_modules_katex_dist_katex_min_css-node_modules_lobehub_icons_es_index_js-node_mod-cc0141.js:340321
[  561601ms] [LOG] i18next::translator: missingKey zhCN translation 排行榜 排行榜 @ http://localhost:5175/static/js/vendors-node_modules_katex_dist_katex_min_css-node_modules_lobehub_icons_es_index_js-node_mod-cc0141.js:340321
[  561601ms] [LOG] i18next::translator: missingKey zhCN translation 文档 文档 @ http://localhost:5175/static/js/vendors-node_modules_katex_dist_katex_min_css-node_modules_lobehub_icons_es_index_js-node_mod-cc0141.js:340321
[  561601ms] [LOG] i18next::translator: missingKey zhCN translation 关于噜噜 关于噜噜 @ http://localhost:5175/static/js/vendors-node_modules_katex_dist_katex_min_css-node_modules_lobehub_icons_es_index_js-node_mod-cc0141.js:340321
[  561601ms] [LOG] i18next::translator: missingKey zhCN translation 噜噜岛 噜噜岛 @ http://localhost:5175/static/js/vendors-node_modules_katex_dist_katex_min_css-node_modules_lobehub_icons_es_index_js-node_mod-cc0141.js:340321
[  561601ms] [LOG] i18next::translator: missingKey zhCN translation 噜噜小屋 噜噜小屋 @ http://localhost:5175/static/js/vendors-node_modules_katex_dist_katex_min_css-node_modules_lobehub_icons_es_index_js-node_mod-cc0141.js:340321
[  561601ms] [LOG] i18next::translator: missingKey zhCN translation 伙伴乐园 伙伴乐园 @ http://localhost:5175/static/js/vendors-node_modules_katex_dist_katex_min_css-node_modules_lobehub_icons_es_index_js-node_mod-cc0141.js:340321
[  561601ms] [LOG] i18next::translator: missingKey zhCN translation 排行榜 排行榜 @ http://localhost:5175/static/js/vendors-node_modules_katex_dist_katex_min_css-node_modules_lobehub_icons_es_index_js-node_mod-cc0141.js:340321
[  561601ms] [LOG] i18next::translator: missingKey zhCN translation 文档 文档 @ http://localhost:5175/static/js/vendors-node_modules_katex_dist_katex_min_css-node_modules_lobehub_icons_es_index_js-node_mod-cc0141.js:340321
[  561602ms] [LOG] i18next::translator: missingKey zhCN translation 关于噜噜 关于噜噜 @ http://localhost:5175/static/js/vendors-node_modules_katex_dist_katex_min_css-node_modules_lobehub_icons_es_index_js-node_mod-cc0141.js:340321
[  561602ms] [LOG] i18next::translator: missingKey zhCN translation 噜噜岛 噜噜岛 @ http://localhost:5175/static/js/vendors-node_modules_katex_dist_katex_min_css-node_modules_lobehub_icons_es_index_js-node_mod-cc0141.js:340321
[  561602ms] [LOG] i18next::translator: missingKey zhCN translation 噜噜小屋 噜噜小屋 @ http://localhost:5175/static/js/vendors-node_modules_katex_dist_katex_min_css-node_modules_lobehub_icons_es_index_js-node_mod-cc0141.js:340321
[  561602ms] [LOG] i18next::translator: missingKey zhCN translation 伙伴乐园 伙伴乐园 @ http://localhost:5175/static/js/vendors-node_modules_katex_dist_katex_min_css-node_modules_lobehub_icons_es_index_js-node_mod-cc0141.js:340321
[  561603ms] [LOG] i18next::translator: missingKey zhCN translation 排行榜 排行榜 @ http://localhost:5175/static/js/vendors-node_modules_katex_dist_katex_min_css-node_modules_lobehub_icons_es_index_js-node_mod-cc0141.js:340321
[  561603ms] [LOG] i18next::translator: missingKey zhCN translation 文档 文档 @ http://localhost:5175/static/js/vendors-node_modules_katex_dist_katex_min_css-node_modules_lobehub_icons_es_index_js-node_mod-cc0141.js:340321
[  561603ms] [LOG] i18next::translator: missingKey zhCN translation 关于噜噜 关于噜噜 @ http://localhost:5175/static/js/vendors-node_modules_katex_dist_katex_min_css-node_modules_lobehub_icons_es_index_js-node_mod-cc0141.js:340321
[  561603ms] [LOG] i18next::translator: missingKey zhCN translation 噜噜岛 噜噜岛 @ http://localhost:5175/static/js/vendors-node_modules_katex_dist_katex_min_css-node_modules_lobehub_icons_es_index_js-node_mod-cc0141.js:340321
[  561604ms] [LOG] i18next::translator: missingKey zhCN translation 噜噜小屋 噜噜小屋 @ http://localhost:5175/static/js/vendors-node_modules_katex_dist_katex_min_css-node_modules_lobehub_icons_es_index_js-node_mod-cc0141.js:340321
[  561604ms] [LOG] i18next::translator: missingKey zhCN translation 伙伴乐园 伙伴乐园 @ http://localhost:5175/static/js/vendors-node_modules_katex_dist_katex_min_css-node_modules_lobehub_icons_es_index_js-node_mod-cc0141.js:340321
[  561604ms] [LOG] i18next::translator: missingKey zhCN translation 排行榜 排行榜 @ http://localhost:5175/static/js/vendors-node_modules_katex_dist_katex_min_css-node_modules_lobehub_icons_es_index_js-node_mod-cc0141.js:340321
[  561604ms] [LOG] i18next::translator: missingKey zhCN translation 文档 文档 @ http://localhost:5175/static/js/vendors-node_modules_katex_dist_katex_min_css-node_modules_lobehub_icons_es_index_js-node_mod-cc0141.js:340321
[  561604ms] [LOG] i18next::translator: missingKey zhCN translation 关于噜噜 关于噜噜 @ http://localhost:5175/static/js/vendors-node_modules_katex_dist_katex_min_css-node_modules_lobehub_icons_es_index_js-node_mod-cc0141.js:340321
[  561620ms] [LOG] i18next::translator: missingKey zhCN translation 噜噜岛 噜噜岛 @ http://localhost:5175/static/js/vendors-node_modules_katex_dist_katex_min_css-node_modules_lobehub_icons_es_index_js-node_mod-cc0141.js:340321
[  561620ms] [LOG] i18next::translator: missingKey zhCN translation 噜噜小屋 噜噜小屋 @ http://localhost:5175/static/js/vendors-node_modules_katex_dist_katex_min_css-node_modules_lobehub_icons_es_index_js-node_mod-cc0141.js:340321
[  561620ms] [LOG] i18next::translator: missingKey zhCN translation 伙伴乐园 伙伴乐园 @ http://localhost:5175/static/js/vendors-node_modules_katex_dist_katex_min_css-node_modules_lobehub_icons_es_index_js-node_mod-cc0141.js:340321
[  561620ms] [LOG] i18next::translator: missingKey zhCN translation 排行榜 排行榜 @ http://localhost:5175/static/js/vendors-node_modules_katex_dist_katex_min_css-node_modules_lobehub_icons_es_index_js-node_mod-cc0141.js:340321
[  561621ms] [LOG] i18next::translator: missingKey zhCN translation 文档 文档 @ http://localhost:5175/static/js/vendors-node_modules_katex_dist_katex_min_css-node_modules_lobehub_icons_es_index_js-node_mod-cc0141.js:340321
[  561621ms] [LOG] i18next::translator: missingKey zhCN translation 关于噜噜 关于噜噜 @ http://localhost:5175/static/js/vendors-node_modules_katex_dist_katex_min_css-node_modules_lobehub_icons_es_index_js-node_mod-cc0141.js:340321
[  561621ms] [LOG] i18next::translator: missingKey zhCN translation 噜噜岛 噜噜岛 @ http://localhost:5175/static/js/vendors-node_modules_katex_dist_katex_min_css-node_modules_lobehub_icons_es_index_js-node_mod-cc0141.js:340321
[  561621ms] [LOG] i18next::translator: missingKey zhCN translation 噜噜小屋 噜噜小屋 @ http://localhost:5175/static/js/vendors-node_modules_katex_dist_katex_min_css-node_modules_lobehub_icons_es_index_js-node_mod-cc0141.js:340321
[  561622ms] [LOG] i18next::translator: missingKey zhCN translation 伙伴乐园 伙伴乐园 @ http://localhost:5175/static/js/vendors-node_modules_katex_dist_katex_min_css-node_modules_lobehub_icons_es_index_js-node_mod-cc0141.js:340321
[  561622ms] [LOG] i18next::translator: missingKey zhCN translation 排行榜 排行榜 @ http://localhost:5175/static/js/vendors-node_modules_katex_dist_katex_min_css-node_modules_lobehub_icons_es_index_js-node_mod-cc0141.js:340321
[  561622ms] [LOG] i18next::translator: missingKey zhCN translation 文档 文档 @ http://localhost:5175/static/js/vendors-node_modules_katex_dist_katex_min_css-node_modules_lobehub_icons_es_index_js-node_mod-cc0141.js:340321
[  561622ms] [LOG] i18next::translator: missingKey zhCN translation 关于噜噜 关于噜噜 @ http://localhost:5175/static/js/vendors-node_modules_katex_dist_katex_min_css-node_modules_lobehub_icons_es_index_js-node_mod-cc0141.js:340321
[  561623ms] [LOG] i18next::translator: missingKey zhCN translation 噜噜岛 噜噜岛 @ http://localhost:5175/static/js/vendors-node_modules_katex_dist_katex_min_css-node_modules_lobehub_icons_es_index_js-node_mod-cc0141.js:340321
[  561624ms] [LOG] i18next::translator: missingKey zhCN translation 噜噜小屋 噜噜小屋 @ http://localhost:5175/static/js/vendors-node_modules_katex_dist_katex_min_css-node_modules_lobehub_icons_es_index_js-node_mod-cc0141.js:340321
[  561624ms] [LOG] i18next::translator: missingKey zhCN translation 伙伴乐园 伙伴乐园 @ http://localhost:5175/static/js/vendors-node_modules_katex_dist_katex_min_css-node_modules_lobehub_icons_es_index_js-node_mod-cc0141.js:340321
[  561624ms] [LOG] i18next::translator: missingKey zhCN translation 排行榜 排行榜 @ http://localhost:5175/static/js/vendors-node_modules_katex_dist_katex_min_css-node_modules_lobehub_icons_es_index_js-node_mod-cc0141.js:340321
[  561624ms] [LOG] i18next::translator: missingKey zhCN translation 文档 文档 @ http://localhost:5175/static/js/vendors-node_modules_katex_dist_katex_min_css-node_modules_lobehub_icons_es_index_js-node_mod-cc0141.js:340321
[  561625ms] [LOG] i18next::translator: missingKey zhCN translation 关于噜噜 关于噜噜 @ http://localhost:5175/static/js/vendors-node_modules_katex_dist_katex_min_css-node_modules_lobehub_icons_es_index_js-node_mod-cc0141.js:340321
[  561625ms] [LOG] i18next::translator: missingKey zhCN translation 噜噜岛 噜噜岛 @ http://localhost:5175/static/js/vendors-node_modules_katex_dist_katex_min_css-node_modules_lobehub_icons_es_index_js-node_mod-cc0141.js:340321
[  561625ms] [LOG] i18next::translator: missingKey zhCN translation 噜噜小屋 噜噜小屋 @ http://localhost:5175/static/js/vendors-node_modules_katex_dist_katex_min_css-node_modules_lobehub_icons_es_index_js-node_mod-cc0141.js:340321
[  561626ms] [LOG] i18next::translator: missingKey zhCN translation 伙伴乐园 伙伴乐园 @ http://localhost:5175/static/js/vendors-node_modules_katex_dist_katex_min_css-node_modules_lobehub_icons_es_index_js-node_mod-cc0141.js:340321
[  561626ms] [LOG] i18next::translator: missingKey zhCN translation 排行榜 排行榜 @ http://localhost:5175/static/js/vendors-node_modules_katex_dist_katex_min_css-node_modules_lobehub_icons_es_index_js-node_mod-cc0141.js:340321
[  561626ms] [LOG] i18next::translator: missingKey zhCN translation 文档 文档 @ http://localhost:5175/static/js/vendors-node_modules_katex_dist_katex_min_css-node_modules_lobehub_icons_es_index_js-node_mod-cc0141.js:340321
[  561626ms] [LOG] i18next::translator: missingKey zhCN translation 关于噜噜 关于噜噜 @ http://localhost:5175/static/js/vendors-node_modules_katex_dist_katex_min_css-node_modules_lobehub_icons_es_index_js-node_mod-cc0141.js:340321
[  561657ms] [LOG] i18next::translator: missingKey zhCN translation 噜噜岛 噜噜岛 @ http://localhost:5175/static/js/vendors-node_modules_katex_dist_katex_min_css-node_modules_lobehub_icons_es_index_js-node_mod-cc0141.js:340321
[  561657ms] [LOG] i18next::translator: missingKey zhCN translation 噜噜小屋 噜噜小屋 @ http://localhost:5175/static/js/vendors-node_modules_katex_dist_katex_min_css-node_modules_lobehub_icons_es_index_js-node_mod-cc0141.js:340321
[  561657ms] [LOG] i18next::translator: missingKey zhCN translation 伙伴乐园 伙伴乐园 @ http://localhost:5175/static/js/vendors-node_modules_katex_dist_katex_min_css-node_modules_lobehub_icons_es_index_js-node_mod-cc0141.js:340321
[  561657ms] [LOG] i18next::translator: missingKey zhCN translation 排行榜 排行榜 @ http://localhost:5175/static/js/vendors-node_modules_katex_dist_katex_min_css-node_modules_lobehub_icons_es_index_js-node_mod-cc0141.js:340321
[  561657ms] [LOG] i18next::translator: missingKey zhCN translation 文档 文档 @ http://localhost:5175/static/js/vendors-node_modules_katex_dist_katex_min_css-node_modules_lobehub_icons_es_index_js-node_mod-cc0141.js:340321
[  561657ms] [LOG] i18next::translator: missingKey zhCN translation 关于噜噜 关于噜噜 @ http://localhost:5175/static/js/vendors-node_modules_katex_dist_katex_min_css-node_modules_lobehub_icons_es_index_js-node_mod-cc0141.js:340321
[  561658ms] [LOG] i18next::translator: missingKey zhCN translation 噜噜岛 噜噜岛 @ http://localhost:5175/static/js/vendors-node_modules_katex_dist_katex_min_css-node_modules_lobehub_icons_es_index_js-node_mod-cc0141.js:340321
[  561658ms] [LOG] i18next::translator: missingKey zhCN translation 噜噜小屋 噜噜小屋 @ http://localhost:5175/static/js/vendors-node_modules_katex_dist_katex_min_css-node_modules_lobehub_icons_es_index_js-node_mod-cc0141.js:340321
[  561658ms] [LOG] i18next::translator: missingKey zhCN translation 伙伴乐园 伙伴乐园 @ http://localhost:5175/static/js/vendors-node_modules_katex_dist_katex_min_css-node_modules_lobehub_icons_es_index_js-node_mod-cc0141.js:340321
[  561658ms] [LOG] i18next::translator: missingKey zhCN translation 排行榜 排行榜 @ http://localhost:5175/static/js/vendors-node_modules_katex_dist_katex_min_css-node_modules_lobehub_icons_es_index_js-node_mod-cc0141.js:340321
[  561658ms] [LOG] i18next::translator: missingKey zhCN translation 文档 文档 @ http://localhost:5175/static/js/vendors-node_modules_katex_dist_katex_min_css-node_modules_lobehub_icons_es_index_js-node_mod-cc0141.js:340321
[  561658ms] [LOG] i18next::translator: missingKey zhCN translation 关于噜噜 关于噜噜 @ http://localhost:5175/static/js/vendors-node_modules_katex_dist_katex_min_css-node_modules_lobehub_icons_es_index_js-node_mod-cc0141.js:340321
[  561659ms] [LOG] i18next::translator: missingKey zhCN translation 噜噜岛 噜噜岛 @ http://localhost:5175/static/js/vendors-node_modules_katex_dist_katex_min_css-node_modules_lobehub_icons_es_index_js-node_mod-cc0141.js:340321
[  561659ms] [LOG] i18next::translator: missingKey zhCN translation 噜噜小屋 噜噜小屋 @ http://localhost:5175/static/js/vendors-node_modules_katex_dist_katex_min_css-node_modules_lobehub_icons_es_index_js-node_mod-cc0141.js:340321
[  561659ms] [LOG] i18next::translator: missingKey zhCN translation 伙伴乐园 伙伴乐园 @ http://localhost:5175/static/js/vendors-node_modules_katex_dist_katex_min_css-node_modules_lobehub_icons_es_index_js-node_mod-cc0141.js:340321
[  561659ms] [LOG] i18next::translator: missingKey zhCN translation 排行榜 排行榜 @ http://localhost:5175/static/js/vendors-node_modules_katex_dist_katex_min_css-node_modules_lobehub_icons_es_index_js-node_mod-cc0141.js:340321
[  561659ms] [LOG] i18next::translator: missingKey zhCN translation 文档 文档 @ http://localhost:5175/static/js/vendors-node_modules_katex_dist_katex_min_css-node_modules_lobehub_icons_es_index_js-node_mod-cc0141.js:340321
[  561659ms] [LOG] i18next::translator: missingKey zhCN translation 关于噜噜 关于噜噜 @ http://localhost:5175/static/js/vendors-node_modules_katex_dist_katex_min_css-node_modules_lobehub_icons_es_index_js-node_mod-cc0141.js:340321
[  561660ms] [LOG] i18next::translator: missingKey zhCN translation 噜噜岛 噜噜岛 @ http://localhost:5175/static/js/vendors-node_modules_katex_dist_katex_min_css-node_modules_lobehub_icons_es_index_js-node_mod-cc0141.js:340321
[  561660ms] [LOG] i18next::translator: missingKey zhCN translation 噜噜小屋 噜噜小屋 @ http://localhost:5175/static/js/vendors-node_modules_katex_dist_katex_min_css-node_modules_lobehub_icons_es_index_js-node_mod-cc0141.js:340321
[  561660ms] [LOG] i18next::translator: missingKey zhCN translation 伙伴乐园 伙伴乐园 @ http://localhost:5175/static/js/vendors-node_modules_katex_dist_katex_min_css-node_modules_lobehub_icons_es_index_js-node_mod-cc0141.js:340321
[  561660ms] [LOG] i18next::translator: missingKey zhCN translation 排行榜 排行榜 @ http://localhost:5175/static/js/vendors-node_modules_katex_dist_katex_min_css-node_modules_lobehub_icons_es_index_js-node_mod-cc0141.js:340321
[  561660ms] [LOG] i18next::translator: missingKey zhCN translation 文档 文档 @ http://localhost:5175/static/js/vendors-node_modules_katex_dist_katex_min_css-node_modules_lobehub_icons_es_index_js-node_mod-cc0141.js:340321
[  561660ms] [LOG] i18next::translator: missingKey zhCN translation 关于噜噜 关于噜噜 @ http://localhost:5175/static/js/vendors-node_modules_katex_dist_katex_min_css-node_modules_lobehub_icons_es_index_js-node_mod-cc0141.js:340321
[  561728ms] [LOG] i18next::translator: missingKey zhCN translation 噜噜岛 噜噜岛 @ http://localhost:5175/static/js/vendors-node_modules_katex_dist_katex_min_css-node_modules_lobehub_icons_es_index_js-node_mod-cc0141.js:340321
[  561729ms] [LOG] i18next::translator: missingKey zhCN translation 噜噜小屋 噜噜小屋 @ http://localhost:5175/static/js/vendors-node_modules_katex_dist_katex_min_css-node_modules_lobehub_icons_es_index_js-node_mod-cc0141.js:340321
[  561729ms] [LOG] i18next::translator: missingKey zhCN translation 伙伴乐园 伙伴乐园 @ http://localhost:5175/static/js/vendors-node_modules_katex_dist_katex_min_css-node_modules_lobehub_icons_es_index_js-node_mod-cc0141.js:340321
[  561729ms] [LOG] i18next::translator: missingKey zhCN translation 排行榜 排行榜 @ http://localhost:5175/static/js/vendors-node_modules_katex_dist_katex_min_css-node_modules_lobehub_icons_es_index_js-node_mod-cc0141.js:340321
[  561729ms] [LOG] i18next::translator: missingKey zhCN translation 文档 文档 @ http://localhost:5175/static/js/vendors-node_modules_katex_dist_katex_min_css-node_modules_lobehub_icons_es_index_js-node_mod-cc0141.js:340321
[  561729ms] [LOG] i18next::translator: missingKey zhCN translation 关于噜噜 关于噜噜 @ http://localhost:5175/static/js/vendors-node_modules_katex_dist_katex_min_css-node_modules_lobehub_icons_es_index_js-node_mod-cc0141.js:340321
[  561729ms] [LOG] i18next::translator: missingKey zhCN translation 噜噜岛 噜噜岛 @ http://localhost:5175/static/js/vendors-node_modules_katex_dist_katex_min_css-node_modules_lobehub_icons_es_index_js-node_mod-cc0141.js:340321
[  561730ms] [LOG] i18next::translator: missingKey zhCN translation 噜噜小屋 噜噜小屋 @ http://localhost:5175/static/js/vendors-node_modules_katex_dist_katex_min_css-node_modules_lobehub_icons_es_index_js-node_mod-cc0141.js:340321
[  561730ms] [LOG] i18next::translator: missingKey zhCN translation 伙伴乐园 伙伴乐园 @ http://localhost:5175/static/js/vendors-node_modules_katex_dist_katex_min_css-node_modules_lobehub_icons_es_index_js-node_mod-cc0141.js:340321
[  561730ms] [LOG] i18next::translator: missingKey zhCN translation 排行榜 排行榜 @ http://localhost:5175/static/js/vendors-node_modules_katex_dist_katex_min_css-node_modules_lobehub_icons_es_index_js-node_mod-cc0141.js:340321
[  561730ms] [LOG] i18next::translator: missingKey zhCN translation 文档 文档 @ http://localhost:5175/static/js/vendors-node_modules_katex_dist_katex_min_css-node_modules_lobehub_icons_es_index_js-node_mod-cc0141.js:340321
[  561730ms] [LOG] i18next::translator: missingKey zhCN translation 关于噜噜 关于噜噜 @ http://localhost:5175/static/js/vendors-node_modules_katex_dist_katex_min_css-node_modules_lobehub_icons_es_index_js-node_mod-cc0141.js:340321
[  561733ms] [LOG] i18next::translator: missingKey zhCN translation 噜噜岛 噜噜岛 @ http://localhost:5175/static/js/vendors-node_modules_katex_dist_katex_min_css-node_modules_lobehub_icons_es_index_js-node_mod-cc0141.js:340321
[  561733ms] [LOG] i18next::translator: missingKey zhCN translation 噜噜小屋 噜噜小屋 @ http://localhost:5175/static/js/vendors-node_modules_katex_dist_katex_min_css-node_modules_lobehub_icons_es_index_js-node_mod-cc0141.js:340321
[  561733ms] [LOG] i18next::translator: missingKey zhCN translation 伙伴乐园 伙伴乐园 @ http://localhost:5175/static/js/vendors-node_modules_katex_dist_katex_min_css-node_modules_lobehub_icons_es_index_js-node_mod-cc0141.js:340321
[  561734ms] [LOG] i18next::translator: missingKey zhCN translation 排行榜 排行榜 @ http://localhost:5175/static/js/vendors-node_modules_katex_dist_katex_min_css-node_modules_lobehub_icons_es_index_js-node_mod-cc0141.js:340321
[  561734ms] [LOG] i18next::translator: missingKey zhCN translation 文档 文档 @ http://localhost:5175/static/js/vendors-node_modules_katex_dist_katex_min_css-node_modules_lobehub_icons_es_index_js-node_mod-cc0141.js:340321
[  561734ms] [LOG] i18next::translator: missingKey zhCN translation 关于噜噜 关于噜噜 @ http://localhost:5175/static/js/vendors-node_modules_katex_dist_katex_min_css-node_modules_lobehub_icons_es_index_js-node_mod-cc0141.js:340321
[  561735ms] [LOG] i18next::translator: missingKey zhCN translation 噜噜岛 噜噜岛 @ http://localhost:5175/static/js/vendors-node_modules_katex_dist_katex_min_css-node_modules_lobehub_icons_es_index_js-node_mod-cc0141.js:340321
[  561735ms] [LOG] i18next::translator: missingKey zhCN translation 噜噜小屋 噜噜小屋 @ http://localhost:5175/static/js/vendors-node_modules_katex_dist_katex_min_css-node_modules_lobehub_icons_es_index_js-node_mod-cc0141.js:340321
[  561735ms] [LOG] i18next::translator: missingKey zhCN translation 伙伴乐园 伙伴乐园 @ http://localhost:5175/static/js/vendors-node_modules_katex_dist_katex_min_css-node_modules_lobehub_icons_es_index_js-node_mod-cc0141.js:340321
[  561735ms] [LOG] i18next::translator: missingKey zhCN translation 排行榜 排行榜 @ http://localhost:5175/static/js/vendors-node_modules_katex_dist_katex_min_css-node_modules_lobehub_icons_es_index_js-node_mod-cc0141.js:340321
[  561735ms] [LOG] i18next::translator: missingKey zhCN translation 文档 文档 @ http://localhost:5175/static/js/vendors-node_modules_katex_dist_katex_min_css-node_modules_lobehub_icons_es_index_js-node_mod-cc0141.js:340321
[  561736ms] [LOG] i18next::translator: missingKey zhCN translation 关于噜噜 关于噜噜 @ http://localhost:5175/static/js/vendors-node_modules_katex_dist_katex_min_css-node_modules_lobehub_icons_es_index_js-node_mod-cc0141.js:340321
[  561766ms] [LOG] i18next::translator: missingKey zhCN translation 噜噜岛 噜噜岛 @ http://localhost:5175/static/js/vendors-node_modules_katex_dist_katex_min_css-node_modules_lobehub_icons_es_index_js-node_mod-cc0141.js:340321
[  561766ms] [LOG] i18next::translator: missingKey zhCN translation 噜噜小屋 噜噜小屋 @ http://localhost:5175/static/js/vendors-node_modules_katex_dist_katex_min_css-node_modules_lobehub_icons_es_index_js-node_mod-cc0141.js:340321
[  561766ms] [LOG] i18next::translator: missingKey zhCN translation 伙伴乐园 伙伴乐园 @ http://localhost:5175/static/js/vendors-node_modules_katex_dist_katex_min_css-node_modules_lobehub_icons_es_index_js-node_mod-cc0141.js:340321
[  561767ms] [LOG] i18next::translator: missingKey zhCN translation 排行榜 排行榜 @ http://localhost:5175/static/js/vendors-node_modules_katex_dist_katex_min_css-node_modules_lobehub_icons_es_index_js-node_mod-cc0141.js:340321
[  561767ms] [LOG] i18next::translator: missingKey zhCN translation 文档 文档 @ http://localhost:5175/static/js/vendors-node_modules_katex_dist_katex_min_css-node_modules_lobehub_icons_es_index_js-node_mod-cc0141.js:340321
[  561767ms] [LOG] i18next::translator: missingKey zhCN translation 关于噜噜 关于噜噜 @ http://localhost:5175/static/js/vendors-node_modules_katex_dist_katex_min_css-node_modules_lobehub_icons_es_index_js-node_mod-cc0141.js:340321
[  561768ms] [LOG] i18next::translator: missingKey zhCN translation 噜噜岛 噜噜岛 @ http://localhost:5175/static/js/vendors-node_modules_katex_dist_katex_min_css-node_modules_lobehub_icons_es_index_js-node_mod-cc0141.js:340321
[  561768ms] [LOG] i18next::translator: missingKey zhCN translation 噜噜小屋 噜噜小屋 @ http://localhost:5175/static/js/vendors-node_modules_katex_dist_katex_min_css-node_modules_lobehub_icons_es_index_js-node_mod-cc0141.js:340321
[  561768ms] [LOG] i18next::translator: missingKey zhCN translation 伙伴乐园 伙伴乐园 @ http://localhost:5175/static/js/vendors-node_modules_katex_dist_katex_min_css-node_modules_lobehub_icons_es_index_js-node_mod-cc0141.js:340321
[  561768ms] [LOG] i18next::translator: missingKey zhCN translation 排行榜 排行榜 @ http://localhost:5175/static/js/vendors-node_modules_katex_dist_katex_min_css-node_modules_lobehub_icons_es_index_js-node_mod-cc0141.js:340321
[  561768ms] [LOG] i18next::translator: missingKey zhCN translation 文档 文档 @ http://localhost:5175/static/js/vendors-node_modules_katex_dist_katex_min_css-node_modules_lobehub_icons_es_index_js-node_mod-cc0141.js:340321
[  561768ms] [LOG] i18next::translator: missingKey zhCN translation 关于噜噜 关于噜噜 @ http://localhost:5175/static/js/vendors-node_modules_katex_dist_katex_min_css-node_modules_lobehub_icons_es_index_js-node_mod-cc0141.js:340321
[  561770ms] [LOG] i18next::translator: missingKey zhCN translation 噜噜岛 噜噜岛 @ http://localhost:5175/static/js/vendors-node_modules_katex_dist_katex_min_css-node_modules_lobehub_icons_es_index_js-node_mod-cc0141.js:340321
[  561770ms] [LOG] i18next::translator: missingKey zhCN translation 噜噜小屋 噜噜小屋 @ http://localhost:5175/static/js/vendors-node_modules_katex_dist_katex_min_css-node_modules_lobehub_icons_es_index_js-node_mod-cc0141.js:340321
[  561770ms] [LOG] i18next::translator: missingKey zhCN translation 伙伴乐园 伙伴乐园 @ http://localhost:5175/static/js/vendors-node_modules_katex_dist_katex_min_css-node_modules_lobehub_icons_es_index_js-node_mod-cc0141.js:340321
[  561770ms] [LOG] i18next::translator: missingKey zhCN translation 排行榜 排行榜 @ http://localhost:5175/static/js/vendors-node_modules_katex_dist_katex_min_css-node_modules_lobehub_icons_es_index_js-node_mod-cc0141.js:340321
[  561771ms] [LOG] i18next::translator: missingKey zhCN translation 文档 文档 @ http://localhost:5175/static/js/vendors-node_modules_katex_dist_katex_min_css-node_modules_lobehub_icons_es_index_js-node_mod-cc0141.js:340321
[  561771ms] [LOG] i18next::translator: missingKey zhCN translation 关于噜噜 关于噜噜 @ http://localhost:5175/static/js/vendors-node_modules_katex_dist_katex_min_css-node_modules_lobehub_icons_es_index_js-node_mod-cc0141.js:340321
[  561772ms] [LOG] i18next::translator: missingKey zhCN translation 噜噜岛 噜噜岛 @ http://localhost:5175/static/js/vendors-node_modules_katex_dist_katex_min_css-node_modules_lobehub_icons_es_index_js-node_mod-cc0141.js:340321
[  561772ms] [LOG] i18next::translator: missingKey zhCN translation 噜噜小屋 噜噜小屋 @ http://localhost:5175/static/js/vendors-node_modules_katex_dist_katex_min_css-node_modules_lobehub_icons_es_index_js-node_mod-cc0141.js:340321
[  561772ms] [LOG] i18next::translator: missingKey zhCN translation 伙伴乐园 伙伴乐园 @ http://localhost:5175/static/js/vendors-node_modules_katex_dist_katex_min_css-node_modules_lobehub_icons_es_index_js-node_mod-cc0141.js:340321
[  561772ms] [LOG] i18next::translator: missingKey zhCN translation 排行榜 排行榜 @ http://localhost:5175/static/js/vendors-node_modules_katex_dist_katex_min_css-node_modules_lobehub_icons_es_index_js-node_mod-cc0141.js:340321
[  561772ms] [LOG] i18next::translator: missingKey zhCN translation 文档 文档 @ http://localhost:5175/static/js/vendors-node_modules_katex_dist_katex_min_css-node_modules_lobehub_icons_es_index_js-node_mod-cc0141.js:340321
[  561773ms] [LOG] i18next::translator: missingKey zhCN translation 关于噜噜 关于噜噜 @ http://localhost:5175/static/js/vendors-node_modules_katex_dist_katex_min_css-node_modules_lobehub_icons_es_index_js-node_mod-cc0141.js:340321
[  561789ms] [LOG] i18next::translator: missingKey zhCN translation 噜噜岛 噜噜岛 @ http://localhost:5175/static/js/vendors-node_modules_katex_dist_katex_min_css-node_modules_lobehub_icons_es_index_js-node_mod-cc0141.js:340321
[  561789ms] [LOG] i18next::translator: missingKey zhCN translation 噜噜小屋 噜噜小屋 @ http://localhost:5175/static/js/vendors-node_modules_katex_dist_katex_min_css-node_modules_lobehub_icons_es_index_js-node_mod-cc0141.js:340321
[  561789ms] [LOG] i18next::translator: missingKey zhCN translation 伙伴乐园 伙伴乐园 @ http://localhost:5175/static/js/vendors-node_modules_katex_dist_katex_min_css-node_modules_lobehub_icons_es_index_js-node_mod-cc0141.js:340321
[  561789ms] [LOG] i18next::translator: missingKey zhCN translation 排行榜 排行榜 @ http://localhost:5175/static/js/vendors-node_modules_katex_dist_katex_min_css-node_modules_lobehub_icons_es_index_js-node_mod-cc0141.js:340321
[  561789ms] [LOG] i18next::translator: missingKey zhCN translation 文档 文档 @ http://localhost:5175/static/js/vendors-node_modules_katex_dist_katex_min_css-node_modules_lobehub_icons_es_index_js-node_mod-cc0141.js:340321
[  561789ms] [LOG] i18next::translator: missingKey zhCN translation 关于噜噜 关于噜噜 @ http://localhost:5175/static/js/vendors-node_modules_katex_dist_katex_min_css-node_modules_lobehub_icons_es_index_js-node_mod-cc0141.js:340321
[  561789ms] [LOG] i18next::translator: missingKey zhCN translation 噜噜岛 噜噜岛 @ http://localhost:5175/static/js/vendors-node_modules_katex_dist_katex_min_css-node_modules_lobehub_icons_es_index_js-node_mod-cc0141.js:340321
[  561790ms] [LOG] i18next::translator: missingKey zhCN translation 噜噜小屋 噜噜小屋 @ http://localhost:5175/static/js/vendors-node_modules_katex_dist_katex_min_css-node_modules_lobehub_icons_es_index_js-node_mod-cc0141.js:340321
[  561790ms] [LOG] i18next::translator: missingKey zhCN translation 伙伴乐园 伙伴乐园 @ http://localhost:5175/static/js/vendors-node_modules_katex_dist_katex_min_css-node_modules_lobehub_icons_es_index_js-node_mod-cc0141.js:340321
[  561790ms] [LOG] i18next::translator: missingKey zhCN translation 排行榜 排行榜 @ http://localhost:5175/static/js/vendors-node_modules_katex_dist_katex_min_css-node_modules_lobehub_icons_es_index_js-node_mod-cc0141.js:340321
[  561790ms] [LOG] i18next::translator: missingKey zhCN translation 文档 文档 @ http://localhost:5175/static/js/vendors-node_modules_katex_dist_katex_min_css-node_modules_lobehub_icons_es_index_js-node_mod-cc0141.js:340321
[  561790ms] [LOG] i18next::translator: missingKey zhCN translation 关于噜噜 关于噜噜 @ http://localhost:5175/static/js/vendors-node_modules_katex_dist_katex_min_css-node_modules_lobehub_icons_es_index_js-node_mod-cc0141.js:340321
[  561791ms] [LOG] i18next::translator: missingKey zhCN translation 噜噜岛 噜噜岛 @ http://localhost:5175/static/js/vendors-node_modules_katex_dist_katex_min_css-node_modules_lobehub_icons_es_index_js-node_mod-cc0141.js:340321
[  561791ms] [LOG] i18next::translator: missingKey zhCN translation 噜噜小屋 噜噜小屋 @ http://localhost:5175/static/js/vendors-node_modules_katex_dist_katex_min_css-node_modules_lobehub_icons_es_index_js-node_mod-cc0141.js:340321
[  561791ms] [LOG] i18next::translator: missingKey zhCN translation 伙伴乐园 伙伴乐园 @ http://localhost:5175/static/js/vendors-node_modules_katex_dist_katex_min_css-node_modules_lobehub_icons_es_index_js-node_mod-cc0141.js:340321
[  561791ms] [LOG] i18next::translator: missingKey zhCN translation 排行榜 排行榜 @ http://localhost:5175/static/js/vendors-node_modules_katex_dist_katex_min_css-node_modules_lobehub_icons_es_index_js-node_mod-cc0141.js:340321
[  561791ms] [LOG] i18next::translator: missingKey zhCN translation 文档 文档 @ http://localhost:5175/static/js/vendors-node_modules_katex_dist_katex_min_css-node_modules_lobehub_icons_es_index_js-node_mod-cc0141.js:340321
[  561792ms] [LOG] i18next::translator: missingKey zhCN translation 关于噜噜 关于噜噜 @ http://localhost:5175/static/js/vendors-node_modules_katex_dist_katex_min_css-node_modules_lobehub_icons_es_index_js-node_mod-cc0141.js:340321
[  561793ms] [LOG] i18next::translator: missingKey zhCN translation 噜噜岛 噜噜岛 @ http://localhost:5175/static/js/vendors-node_modules_katex_dist_katex_min_css-node_modules_lobehub_icons_es_index_js-node_mod-cc0141.js:340321
[  561793ms] [LOG] i18next::translator: missingKey zhCN translation 噜噜小屋 噜噜小屋 @ http://localhost:5175/static/js/vendors-node_modules_katex_dist_katex_min_css-node_modules_lobehub_icons_es_index_js-node_mod-cc0141.js:340321
[  561793ms] [LOG] i18next::translator: missingKey zhCN translation 伙伴乐园 伙伴乐园 @ http://localhost:5175/static/js/vendors-node_modules_katex_dist_katex_min_css-node_modules_lobehub_icons_es_index_js-node_mod-cc0141.js:340321
[  561793ms] [LOG] i18next::translator: missingKey zhCN translation 排行榜 排行榜 @ http://localhost:5175/static/js/vendors-node_modules_katex_dist_katex_min_css-node_modules_lobehub_icons_es_index_js-node_mod-cc0141.js:340321
[  561793ms] [LOG] i18next::translator: missingKey zhCN translation 文档 文档 @ http://localhost:5175/static/js/vendors-node_modules_katex_dist_katex_min_css-node_modules_lobehub_icons_es_index_js-node_mod-cc0141.js:340321
[  561793ms] [LOG] i18next::translator: missingKey zhCN translation 关于噜噜 关于噜噜 @ http://localhost:5175/static/js/vendors-node_modules_katex_dist_katex_min_css-node_modules_lobehub_icons_es_index_js-node_mod-cc0141.js:340321
[  561813ms] [INFO] [rsbuild] WebSocket connected. @ http://localhost:5175/static/js/vendors-node_modules_katex_dist_katex_min_css-node_modules_lobehub_icons_es_index_js-node_mod-cc0141.js:272395
[  562698ms] [INFO] [rsbuild] WebSocket connecting... @ http://localhost:5175/static/js/vendors-node_modules_katex_dist_katex_min_css-node_modules_lobehub_icons_es_index_js-node_mod-cc0141.js:272395
[  562702ms] [INFO] %cDownload the React DevTools for a better development experience: https://react.dev/link/react-devtools font-weight:bold @ http://localhost:5175/static/js/lib-react.js:28005
[  562715ms] [LOG] i18next: languageChanged zhCN @ http://localhost:5175/static/js/vendors-node_modules_katex_dist_katex_min_css-node_modules_lobehub_icons_es_index_js-node_mod-cc0141.js:340321
[  562715ms] [LOG] i18next: initialized {debug: true, initAsync: true, ns: Array(1), defaultNS: Array(1), fallbackLng: Array(1)} @ http://localhost:5175/static/js/vendors-node_modules_katex_dist_katex_min_css-node_modules_lobehub_icons_es_index_js-node_mod-cc0141.js:340321
[  563067ms] [INFO] [rsbuild] WebSocket connected. @ http://localhost:5175/static/js/vendors-node_modules_katex_dist_katex_min_css-node_modules_lobehub_icons_es_index_js-node_mod-cc0141.js:272395
[  563985ms] [INFO] [rsbuild] WebSocket connecting... @ http://localhost:5175/static/js/vendors-node_modules_katex_dist_katex_min_css-node_modules_lobehub_icons_es_index_js-node_mod-cc0141.js:272395
[  563989ms] [INFO] %cDownload the React DevTools for a better development experience: https://react.dev/link/react-devtools font-weight:bold @ http://localhost:5175/static/js/lib-react.js:28005
[  564005ms] [LOG] i18next: languageChanged zhCN @ http://localhost:5175/static/js/vendors-node_modules_katex_dist_katex_min_css-node_modules_lobehub_icons_es_index_js-node_mod-cc0141.js:340321
[  564005ms] [LOG] i18next: initialized {debug: true, initAsync: true, ns: Array(1), defaultNS: Array(1), fallbackLng: Array(1)} @ http://localhost:5175/static/js/vendors-node_modules_katex_dist_katex_min_css-node_modules_lobehub_icons_es_index_js-node_mod-cc0141.js:340321
[  564311ms] [INFO] [rsbuild] WebSocket connected. @ http://localhost:5175/static/js/vendors-node_modules_katex_dist_katex_min_css-node_modules_lobehub_icons_es_index_js-node_mod-cc0141.js:272395
[  565686ms] [INFO] [rsbuild] WebSocket connecting... @ http://localhost:5175/static/js/vendors-node_modules_katex_dist_katex_min_css-node_modules_lobehub_icons_es_index_js-node_mod-cc0141.js:272395
[  565691ms] [INFO] %cDownload the React DevTools for a better development experience: https://react.dev/link/react-devtools font-weight:bold @ http://localhost:5175/static/js/lib-react.js:28005
[  565706ms] [LOG] i18next: languageChanged zhCN @ http://localhost:5175/static/js/vendors-node_modules_katex_dist_katex_min_css-node_modules_lobehub_icons_es_index_js-node_mod-cc0141.js:340321
[  565706ms] [LOG] i18next: initialized {debug: true, initAsync: true, ns: Array(1), defaultNS: Array(1), fallbackLng: Array(1)} @ http://localhost:5175/static/js/vendors-node_modules_katex_dist_katex_min_css-node_modules_lobehub_icons_es_index_js-node_mod-cc0141.js:340321
[  566053ms] [INFO] [rsbuild] WebSocket connected. @ http://localhost:5175/static/js/vendors-node_modules_katex_dist_katex_min_css-node_modules_lobehub_icons_es_index_js-node_mod-cc0141.js:272395
[  567386ms] [INFO] [rsbuild] WebSocket connecting... @ http://localhost:5175/static/js/vendors-node_modules_katex_dist_katex_min_css-node_modules_lobehub_icons_es_index_js-node_mod-cc0141.js:272395
[  567391ms] [INFO] %cDownload the React DevTools for a better development experience: https://react.dev/link/react-devtools font-weight:bold @ http://localhost:5175/static/js/lib-react.js:28005
[  567417ms] [LOG] i18next: languageChanged zhCN @ http://localhost:5175/static/js/vendors-node_modules_katex_dist_katex_min_css-node_modules_lobehub_icons_es_index_js-node_mod-cc0141.js:340321
[  567417ms] [LOG] i18next: initialized {debug: true, initAsync: true, ns: Array(1), defaultNS: Array(1), fallbackLng: Array(1)} @ http://localhost:5175/static/js/vendors-node_modules_katex_dist_katex_min_css-node_modules_lobehub_icons_es_index_js-node_mod-cc0141.js:340321
[  567693ms] [INFO] [rsbuild] WebSocket connected. @ http://localhost:5175/static/js/vendors-node_modules_katex_dist_katex_min_css-node_modules_lobehub_icons_es_index_js-node_mod-cc0141.js:272395
[  569503ms] [INFO] [rsbuild] WebSocket connecting... @ http://localhost:5175/static/js/vendors-node_modules_katex_dist_katex_min_css-node_modules_lobehub_icons_es_index_js-node_mod-cc0141.js:272395
[  569509ms] [INFO] %cDownload the React DevTools for a better development experience: https://react.dev/link/react-devtools font-weight:bold @ http://localhost:5175/static/js/lib-react.js:28005
[  569531ms] [LOG] i18next: languageChanged zhCN @ http://localhost:5175/static/js/vendors-node_modules_katex_dist_katex_min_css-node_modules_lobehub_icons_es_index_js-node_mod-cc0141.js:340321
[  569532ms] [LOG] i18next: initialized {debug: true, initAsync: true, ns: Array(1), defaultNS: Array(1), fallbackLng: Array(1)} @ http://localhost:5175/static/js/vendors-node_modules_katex_dist_katex_min_css-node_modules_lobehub_icons_es_index_js-node_mod-cc0141.js:340321
[  569913ms] [INFO] [rsbuild] WebSocket connected. @ http://localhost:5175/static/js/vendors-node_modules_katex_dist_katex_min_css-node_modules_lobehub_icons_es_index_js-node_mod-cc0141.js:272395
[  571196ms] [INFO] [rsbuild] WebSocket connecting... @ http://localhost:5175/static/js/vendors-node_modules_katex_dist_katex_min_css-node_modules_lobehub_icons_es_index_js-node_mod-cc0141.js:272395
[  571202ms] [INFO] %cDownload the React DevTools for a better development experience: https://react.dev/link/react-devtools font-weight:bold @ http://localhost:5175/static/js/lib-react.js:28005
[  571221ms] [LOG] i18next: languageChanged zhCN @ http://localhost:5175/static/js/vendors-node_modules_katex_dist_katex_min_css-node_modules_lobehub_icons_es_index_js-node_mod-cc0141.js:340321
[  571221ms] [LOG] i18next: initialized {debug: true, initAsync: true, ns: Array(1), defaultNS: Array(1), fallbackLng: Array(1)} @ http://localhost:5175/static/js/vendors-node_modules_katex_dist_katex_min_css-node_modules_lobehub_icons_es_index_js-node_mod-cc0141.js:340321
[  571714ms] [INFO] [rsbuild] WebSocket connected. @ http://localhost:5175/static/js/vendors-node_modules_katex_dist_katex_min_css-node_modules_lobehub_icons_es_index_js-node_mod-cc0141.js:272395
[  572823ms] [INFO] [rsbuild] WebSocket connecting... @ http://localhost:5175/static/js/vendors-node_modules_katex_dist_katex_min_css-node_modules_lobehub_icons_es_index_js-node_mod-cc0141.js:272395
[  572826ms] [INFO] %cDownload the React DevTools for a better development experience: https://react.dev/link/react-devtools font-weight:bold @ http://localhost:5175/static/js/lib-react.js:28005
[  572838ms] [LOG] i18next: languageChanged zhCN @ http://localhost:5175/static/js/vendors-node_modules_katex_dist_katex_min_css-node_modules_lobehub_icons_es_index_js-node_mod-cc0141.js:340321
[  572839ms] [LOG] i18next: initialized {debug: true, initAsync: true, ns: Array(1), defaultNS: Array(1), fallbackLng: Array(1)} @ http://localhost:5175/static/js/vendors-node_modules_katex_dist_katex_min_css-node_modules_lobehub_icons_es_index_js-node_mod-cc0141.js:340321
[  573011ms] [LOG] i18next::translator: missingKey zhCN translation 噜噜岛 噜噜岛 @ http://localhost:5175/static/js/vendors-node_modules_katex_dist_katex_min_css-node_modules_lobehub_icons_es_index_js-node_mod-cc0141.js:340321
[  573011ms] [LOG] i18next::translator: missingKey zhCN translation 噜噜小屋 噜噜小屋 @ http://localhost:5175/static/js/vendors-node_modules_katex_dist_katex_min_css-node_modules_lobehub_icons_es_index_js-node_mod-cc0141.js:340321
[  573011ms] [LOG] i18next::translator: missingKey zhCN translation 伙伴乐园 伙伴乐园 @ http://localhost:5175/static/js/vendors-node_modules_katex_dist_katex_min_css-node_modules_lobehub_icons_es_index_js-node_mod-cc0141.js:340321
[  573011ms] [LOG] i18next::translator: missingKey zhCN translation 排行榜 排行榜 @ http://localhost:5175/static/js/vendors-node_modules_katex_dist_katex_min_css-node_modules_lobehub_icons_es_index_js-node_mod-cc0141.js:340321
[  573011ms] [LOG] i18next::translator: missingKey zhCN translation 文档 文档 @ http://localhost:5175/static/js/vendors-node_modules_katex_dist_katex_min_css-node_modules_lobehub_icons_es_index_js-node_mod-cc0141.js:340321
[  573011ms] [LOG] i18next::translator: missingKey zhCN translation 关于噜噜 关于噜噜 @ http://localhost:5175/static/js/vendors-node_modules_katex_dist_katex_min_css-node_modules_lobehub_icons_es_index_js-node_mod-cc0141.js:340321
[  573012ms] [LOG] i18next::translator: missingKey zhCN translation 噜噜岛 噜噜岛 @ http://localhost:5175/static/js/vendors-node_modules_katex_dist_katex_min_css-node_modules_lobehub_icons_es_index_js-node_mod-cc0141.js:340321
[  573012ms] [LOG] i18next::translator: missingKey zhCN translation 噜噜小屋 噜噜小屋 @ http://localhost:5175/static/js/vendors-node_modules_katex_dist_katex_min_css-node_modules_lobehub_icons_es_index_js-node_mod-cc0141.js:340321
[  573012ms] [LOG] i18next::translator: missingKey zhCN translation 伙伴乐园 伙伴乐园 @ http://localhost:5175/static/js/vendors-node_modules_katex_dist_katex_min_css-node_modules_lobehub_icons_es_index_js-node_mod-cc0141.js:340321
[  573013ms] [LOG] i18next::translator: missingKey zhCN translation 排行榜 排行榜 @ http://localhost:5175/static/js/vendors-node_modules_katex_dist_katex_min_css-node_modules_lobehub_icons_es_index_js-node_mod-cc0141.js:340321
[  573013ms] [LOG] i18next::translator: missingKey zhCN translation 文档 文档 @ http://localhost:5175/static/js/vendors-node_modules_katex_dist_katex_min_css-node_modules_lobehub_icons_es_index_js-node_mod-cc0141.js:340321
[  573013ms] [LOG] i18next::translator: missingKey zhCN translation 关于噜噜 关于噜噜 @ http://localhost:5175/static/js/vendors-node_modules_katex_dist_katex_min_css-node_modules_lobehub_icons_es_index_js-node_mod-cc0141.js:340321
[  573014ms] [LOG] i18next::translator: missingKey zhCN translation 噜噜岛 噜噜岛 @ http://localhost:5175/static/js/vendors-node_modules_katex_dist_katex_min_css-node_modules_lobehub_icons_es_index_js-node_mod-cc0141.js:340321
[  573014ms] [LOG] i18next::translator: missingKey zhCN translation 噜噜小屋 噜噜小屋 @ http://localhost:5175/static/js/vendors-node_modules_katex_dist_katex_min_css-node_modules_lobehub_icons_es_index_js-node_mod-cc0141.js:340321
[  573014ms] [LOG] i18next::translator: missingKey zhCN translation 伙伴乐园 伙伴乐园 @ http://localhost:5175/static/js/vendors-node_modules_katex_dist_katex_min_css-node_modules_lobehub_icons_es_index_js-node_mod-cc0141.js:340321
[  573014ms] [LOG] i18next::translator: missingKey zhCN translation 排行榜 排行榜 @ http://localhost:5175/static/js/vendors-node_modules_katex_dist_katex_min_css-node_modules_lobehub_icons_es_index_js-node_mod-cc0141.js:340321
[  573014ms] [LOG] i18next::translator: missingKey zhCN translation 文档 文档 @ http://localhost:5175/static/js/vendors-node_modules_katex_dist_katex_min_css-node_modules_lobehub_icons_es_index_js-node_mod-cc0141.js:340321
[  573014ms] [LOG] i18next::translator: missingKey zhCN translation 关于噜噜 关于噜噜 @ http://localhost:5175/static/js/vendors-node_modules_katex_dist_katex_min_css-node_modules_lobehub_icons_es_index_js-node_mod-cc0141.js:340321
[  573015ms] [LOG] i18next::translator: missingKey zhCN translation 噜噜岛 噜噜岛 @ http://localhost:5175/static/js/vendors-node_modules_katex_dist_katex_min_css-node_modules_lobehub_icons_es_index_js-node_mod-cc0141.js:340321
[  573015ms] [LOG] i18next::translator: missingKey zhCN translation 噜噜小屋 噜噜小屋 @ http://localhost:5175/static/js/vendors-node_modules_katex_dist_katex_min_css-node_modules_lobehub_icons_es_index_js-node_mod-cc0141.js:340321
[  573015ms] [LOG] i18next::translator: missingKey zhCN translation 伙伴乐园 伙伴乐园 @ http://localhost:5175/static/js/vendors-node_modules_katex_dist_katex_min_css-node_modules_lobehub_icons_es_index_js-node_mod-cc0141.js:340321
[  573015ms] [LOG] i18next::translator: missingKey zhCN translation 排行榜 排行榜 @ http://localhost:5175/static/js/vendors-node_modules_katex_dist_katex_min_css-node_modules_lobehub_icons_es_index_js-node_mod-cc0141.js:340321
[  573015ms] [LOG] i18next::translator: missingKey zhCN translation 文档 文档 @ http://localhost:5175/static/js/vendors-node_modules_katex_dist_katex_min_css-node_modules_lobehub_icons_es_index_js-node_mod-cc0141.js:340321
[  573015ms] [LOG] i18next::translator: missingKey zhCN translation 关于噜噜 关于噜噜 @ http://localhost:5175/static/js/vendors-node_modules_katex_dist_katex_min_css-node_modules_lobehub_icons_es_index_js-node_mod-cc0141.js:340321
[  573057ms] [LOG] i18next::translator: missingKey zhCN translation 噜噜岛 噜噜岛 @ http://localhost:5175/static/js/vendors-node_modules_katex_dist_katex_min_css-node_modules_lobehub_icons_es_index_js-node_mod-cc0141.js:340321
[  573057ms] [LOG] i18next::translator: missingKey zhCN translation 噜噜小屋 噜噜小屋 @ http://localhost:5175/static/js/vendors-node_modules_katex_dist_katex_min_css-node_modules_lobehub_icons_es_index_js-node_mod-cc0141.js:340321
[  573057ms] [LOG] i18next::translator: missingKey zhCN translation 伙伴乐园 伙伴乐园 @ http://localhost:5175/static/js/vendors-node_modules_katex_dist_katex_min_css-node_modules_lobehub_icons_es_index_js-node_mod-cc0141.js:340321
[  573058ms] [LOG] i18next::translator: missingKey zhCN translation 排行榜 排行榜 @ http://localhost:5175/static/js/vendors-node_modules_katex_dist_katex_min_css-node_modules_lobehub_icons_es_index_js-node_mod-cc0141.js:340321
[  573058ms] [LOG] i18next::translator: missingKey zhCN translation 文档 文档 @ http://localhost:5175/static/js/vendors-node_modules_katex_dist_katex_min_css-node_modules_lobehub_icons_es_index_js-node_mod-cc0141.js:340321
[  573058ms] [LOG] i18next::translator: missingKey zhCN translation 关于噜噜 关于噜噜 @ http://localhost:5175/static/js/vendors-node_modules_katex_dist_katex_min_css-node_modules_lobehub_icons_es_index_js-node_mod-cc0141.js:340321
[  573058ms] [LOG] i18next::translator: missingKey zhCN translation 噜噜岛 噜噜岛 @ http://localhost:5175/static/js/vendors-node_modules_katex_dist_katex_min_css-node_modules_lobehub_icons_es_index_js-node_mod-cc0141.js:340321
[  573058ms] [LOG] i18next::translator: missingKey zhCN translation 噜噜小屋 噜噜小屋 @ http://localhost:5175/static/js/vendors-node_modules_katex_dist_katex_min_css-node_modules_lobehub_icons_es_index_js-node_mod-cc0141.js:340321
[  573058ms] [LOG] i18next::translator: missingKey zhCN translation 伙伴乐园 伙伴乐园 @ http://localhost:5175/static/js/vendors-node_modules_katex_dist_katex_min_css-node_modules_lobehub_icons_es_index_js-node_mod-cc0141.js:340321
[  573058ms] [LOG] i18next::translator: missingKey zhCN translation 排行榜 排行榜 @ http://localhost:5175/static/js/vendors-node_modules_katex_dist_katex_min_css-node_modules_lobehub_icons_es_index_js-node_mod-cc0141.js:340321
[  573059ms] [LOG] i18next::translator: missingKey zhCN translation 文档 文档 @ http://localhost:5175/static/js/vendors-node_modules_katex_dist_katex_min_css-node_modules_lobehub_icons_es_index_js-node_mod-cc0141.js:340321
[  573059ms] [LOG] i18next::translator: missingKey zhCN translation 关于噜噜 关于噜噜 @ http://localhost:5175/static/js/vendors-node_modules_katex_dist_katex_min_css-node_modules_lobehub_icons_es_index_js-node_mod-cc0141.js:340321
[  573061ms] [LOG] i18next::translator: missingKey zhCN translation 噜噜岛 噜噜岛 @ http://localhost:5175/static/js/vendors-node_modules_katex_dist_katex_min_css-node_modules_lobehub_icons_es_index_js-node_mod-cc0141.js:340321
[  573061ms] [LOG] i18next::translator: missingKey zhCN translation 噜噜小屋 噜噜小屋 @ http://localhost:5175/static/js/vendors-node_modules_katex_dist_katex_min_css-node_modules_lobehub_icons_es_index_js-node_mod-cc0141.js:340321
[  573061ms] [LOG] i18next::translator: missingKey zhCN translation 伙伴乐园 伙伴乐园 @ http://localhost:5175/static/js/vendors-node_modules_katex_dist_katex_min_css-node_modules_lobehub_icons_es_index_js-node_mod-cc0141.js:340321
[  573061ms] [LOG] i18next::translator: missingKey zhCN translation 排行榜 排行榜 @ http://localhost:5175/static/js/vendors-node_modules_katex_dist_katex_min_css-node_modules_lobehub_icons_es_index_js-node_mod-cc0141.js:340321
[  573061ms] [LOG] i18next::translator: missingKey zhCN translation 文档 文档 @ http://localhost:5175/static/js/vendors-node_modules_katex_dist_katex_min_css-node_modules_lobehub_icons_es_index_js-node_mod-cc0141.js:340321
[  573062ms] [LOG] i18next::translator: missingKey zhCN translation 关于噜噜 关于噜噜 @ http://localhost:5175/static/js/vendors-node_modules_katex_dist_katex_min_css-node_modules_lobehub_icons_es_index_js-node_mod-cc0141.js:340321
[  573062ms] [LOG] i18next::translator: missingKey zhCN translation 噜噜岛 噜噜岛 @ http://localhost:5175/static/js/vendors-node_modules_katex_dist_katex_min_css-node_modules_lobehub_icons_es_index_js-node_mod-cc0141.js:340321
[  573062ms] [LOG] i18next::translator: missingKey zhCN translation 噜噜小屋 噜噜小屋 @ http://localhost:5175/static/js/vendors-node_modules_katex_dist_katex_min_css-node_modules_lobehub_icons_es_index_js-node_mod-cc0141.js:340321
[  573063ms] [LOG] i18next::translator: missingKey zhCN translation 伙伴乐园 伙伴乐园 @ http://localhost:5175/static/js/vendors-node_modules_katex_dist_katex_min_css-node_modules_lobehub_icons_es_index_js-node_mod-cc0141.js:340321
[  573063ms] [LOG] i18next::translator: missingKey zhCN translation 排行榜 排行榜 @ http://localhost:5175/static/js/vendors-node_modules_katex_dist_katex_min_css-node_modules_lobehub_icons_es_index_js-node_mod-cc0141.js:340321
[  573063ms] [LOG] i18next::translator: missingKey zhCN translation 文档 文档 @ http://localhost:5175/static/js/vendors-node_modules_katex_dist_katex_min_css-node_modules_lobehub_icons_es_index_js-node_mod-cc0141.js:340321
[  573063ms] [LOG] i18next::translator: missingKey zhCN translation 关于噜噜 关于噜噜 @ http://localhost:5175/static/js/vendors-node_modules_katex_dist_katex_min_css-node_modules_lobehub_icons_es_index_js-node_mod-cc0141.js:340321
[  573079ms] [LOG] i18next::translator: missingKey zhCN translation 噜噜岛 噜噜岛 @ http://localhost:5175/static/js/vendors-node_modules_katex_dist_katex_min_css-node_modules_lobehub_icons_es_index_js-node_mod-cc0141.js:340321
[  573080ms] [LOG] i18next::translator: missingKey zhCN translation 噜噜小屋 噜噜小屋 @ http://localhost:5175/static/js/vendors-node_modules_katex_dist_katex_min_css-node_modules_lobehub_icons_es_index_js-node_mod-cc0141.js:340321
[  573080ms] [LOG] i18next::translator: missingKey zhCN translation 伙伴乐园 伙伴乐园 @ http://localhost:5175/static/js/vendors-node_modules_katex_dist_katex_min_css-node_modules_lobehub_icons_es_index_js-node_mod-cc0141.js:340321
[  573080ms] [LOG] i18next::translator: missingKey zhCN translation 排行榜 排行榜 @ http://localhost:5175/static/js/vendors-node_modules_katex_dist_katex_min_css-node_modules_lobehub_icons_es_index_js-node_mod-cc0141.js:340321
[  573080ms] [LOG] i18next::translator: missingKey zhCN translation 文档 文档 @ http://localhost:5175/static/js/vendors-node_modules_katex_dist_katex_min_css-node_modules_lobehub_icons_es_index_js-node_mod-cc0141.js:340321
[  573081ms] [LOG] i18next::translator: missingKey zhCN translation 关于噜噜 关于噜噜 @ http://localhost:5175/static/js/vendors-node_modules_katex_dist_katex_min_css-node_modules_lobehub_icons_es_index_js-node_mod-cc0141.js:340321
[  573081ms] [LOG] i18next::translator: missingKey zhCN translation 噜噜岛 噜噜岛 @ http://localhost:5175/static/js/vendors-node_modules_katex_dist_katex_min_css-node_modules_lobehub_icons_es_index_js-node_mod-cc0141.js:340321
[  573081ms] [LOG] i18next::translator: missingKey zhCN translation 噜噜小屋 噜噜小屋 @ http://localhost:5175/static/js/vendors-node_modules_katex_dist_katex_min_css-node_modules_lobehub_icons_es_index_js-node_mod-cc0141.js:340321
[  573082ms] [LOG] i18next::translator: missingKey zhCN translation 伙伴乐园 伙伴乐园 @ http://localhost:5175/static/js/vendors-node_modules_katex_dist_katex_min_css-node_modules_lobehub_icons_es_index_js-node_mod-cc0141.js:340321
[  573082ms] [LOG] i18next::translator: missingKey zhCN translation 排行榜 排行榜 @ http://localhost:5175/static/js/vendors-node_modules_katex_dist_katex_min_css-node_modules_lobehub_icons_es_index_js-node_mod-cc0141.js:340321
[  573082ms] [LOG] i18next::translator: missingKey zhCN translation 文档 文档 @ http://localhost:5175/static/js/vendors-node_modules_katex_dist_katex_min_css-node_modules_lobehub_icons_es_index_js-node_mod-cc0141.js:340321
[  573082ms] [LOG] i18next::translator: missingKey zhCN translation 关于噜噜 关于噜噜 @ http://localhost:5175/static/js/vendors-node_modules_katex_dist_katex_min_css-node_modules_lobehub_icons_es_index_js-node_mod-cc0141.js:340321
[  573083ms] [LOG] i18next::translator: missingKey zhCN translation 噜噜岛 噜噜岛 @ http://localhost:5175/static/js/vendors-node_modules_katex_dist_katex_min_css-node_modules_lobehub_icons_es_index_js-node_mod-cc0141.js:340321
[  573083ms] [LOG] i18next::translator: missingKey zhCN translation 噜噜小屋 噜噜小屋 @ http://localhost:5175/static/js/vendors-node_modules_katex_dist_katex_min_css-node_modules_lobehub_icons_es_index_js-node_mod-cc0141.js:340321
[  573083ms] [LOG] i18next::translator: missingKey zhCN translation 伙伴乐园 伙伴乐园 @ http://localhost:5175/static/js/vendors-node_modules_katex_dist_katex_min_css-node_modules_lobehub_icons_es_index_js-node_mod-cc0141.js:340321
[  573083ms] [LOG] i18next::translator: missingKey zhCN translation 排行榜 排行榜 @ http://localhost:5175/static/js/vendors-node_modules_katex_dist_katex_min_css-node_modules_lobehub_icons_es_index_js-node_mod-cc0141.js:340321
[  573083ms] [LOG] i18next::translator: missingKey zhCN translation 文档 文档 @ http://localhost:5175/static/js/vendors-node_modules_katex_dist_katex_min_css-node_modules_lobehub_icons_es_index_js-node_mod-cc0141.js:340321
[  573083ms] [LOG] i18next::translator: missingKey zhCN translation 关于噜噜 关于噜噜 @ http://localhost:5175/static/js/vendors-node_modules_katex_dist_katex_min_css-node_modules_lobehub_icons_es_index_js-node_mod-cc0141.js:340321
[  573084ms] [LOG] i18next::translator: missingKey zhCN translation 噜噜岛 噜噜岛 @ http://localhost:5175/static/js/vendors-node_modules_katex_dist_katex_min_css-node_modules_lobehub_icons_es_index_js-node_mod-cc0141.js:340321
[  573084ms] [LOG] i18next::translator: missingKey zhCN translation 噜噜小屋 噜噜小屋 @ http://localhost:5175/static/js/vendors-node_modules_katex_dist_katex_min_css-node_modules_lobehub_icons_es_index_js-node_mod-cc0141.js:340321
[  573084ms] [LOG] i18next::translator: missingKey zhCN translation 伙伴乐园 伙伴乐园 @ http://localhost:5175/static/js/vendors-node_modules_katex_dist_katex_min_css-node_modules_lobehub_icons_es_index_js-node_mod-cc0141.js:340321
[  573084ms] [LOG] i18next::translator: missingKey zhCN translation 排行榜 排行榜 @ http://localhost:5175/static/js/vendors-node_modules_katex_dist_katex_min_css-node_modules_lobehub_icons_es_index_js-node_mod-cc0141.js:340321
[  573084ms] [LOG] i18next::translator: missingKey zhCN translation 文档 文档 @ http://localhost:5175/static/js/vendors-node_modules_katex_dist_katex_min_css-node_modules_lobehub_icons_es_index_js-node_mod-cc0141.js:340321
[  573084ms] [LOG] i18next::translator: missingKey zhCN translation 关于噜噜 关于噜噜 @ http://localhost:5175/static/js/vendors-node_modules_katex_dist_katex_min_css-node_modules_lobehub_icons_es_index_js-node_mod-cc0141.js:340321
[  573100ms] [LOG] i18next::translator: missingKey zhCN translation 噜噜岛 噜噜岛 @ http://localhost:5175/static/js/vendors-node_modules_katex_dist_katex_min_css-node_modules_lobehub_icons_es_index_js-node_mod-cc0141.js:340321
[  573100ms] [LOG] i18next::translator: missingKey zhCN translation 噜噜小屋 噜噜小屋 @ http://localhost:5175/static/js/vendors-node_modules_katex_dist_katex_min_css-node_modules_lobehub_icons_es_index_js-node_mod-cc0141.js:340321
[  573101ms] [LOG] i18next::translator: missingKey zhCN translation 伙伴乐园 伙伴乐园 @ http://localhost:5175/static/js/vendors-node_modules_katex_dist_katex_min_css-node_modules_lobehub_icons_es_index_js-node_mod-cc0141.js:340321
[  573101ms] [LOG] i18next::translator: missingKey zhCN translation 排行榜 排行榜 @ http://localhost:5175/static/js/vendors-node_modules_katex_dist_katex_min_css-node_modules_lobehub_icons_es_index_js-node_mod-cc0141.js:340321
[  573101ms] [LOG] i18next::translator: missingKey zhCN translation 文档 文档 @ http://localhost:5175/static/js/vendors-node_modules_katex_dist_katex_min_css-node_modules_lobehub_icons_es_index_js-node_mod-cc0141.js:340321
[  573101ms] [LOG] i18next::translator: missingKey zhCN translation 关于噜噜 关于噜噜 @ http://localhost:5175/static/js/vendors-node_modules_katex_dist_katex_min_css-node_modules_lobehub_icons_es_index_js-node_mod-cc0141.js:340321
[  573101ms] [LOG] i18next::translator: missingKey zhCN translation 噜噜岛 噜噜岛 @ http://localhost:5175/static/js/vendors-node_modules_katex_dist_katex_min_css-node_modules_lobehub_icons_es_index_js-node_mod-cc0141.js:340321
[  573101ms] [LOG] i18next::translator: missingKey zhCN translation 噜噜小屋 噜噜小屋 @ http://localhost:5175/static/js/vendors-node_modules_katex_dist_katex_min_css-node_modules_lobehub_icons_es_index_js-node_mod-cc0141.js:340321
[  573101ms] [LOG] i18next::translator: missingKey zhCN translation 伙伴乐园 伙伴乐园 @ http://localhost:5175/static/js/vendors-node_modules_katex_dist_katex_min_css-node_modules_lobehub_icons_es_index_js-node_mod-cc0141.js:340321
[  573102ms] [LOG] i18next::translator: missingKey zhCN translation 排行榜 排行榜 @ http://localhost:5175/static/js/vendors-node_modules_katex_dist_katex_min_css-node_modules_lobehub_icons_es_index_js-node_mod-cc0141.js:340321
[  573102ms] [LOG] i18next::translator: missingKey zhCN translation 文档 文档 @ http://localhost:5175/static/js/vendors-node_modules_katex_dist_katex_min_css-node_modules_lobehub_icons_es_index_js-node_mod-cc0141.js:340321
[  573102ms] [LOG] i18next::translator: missingKey zhCN translation 关于噜噜 关于噜噜 @ http://localhost:5175/static/js/vendors-node_modules_katex_dist_katex_min_css-node_modules_lobehub_icons_es_index_js-node_mod-cc0141.js:340321
[  573103ms] [LOG] i18next::translator: missingKey zhCN translation 噜噜岛 噜噜岛 @ http://localhost:5175/static/js/vendors-node_modules_katex_dist_katex_min_css-node_modules_lobehub_icons_es_index_js-node_mod-cc0141.js:340321
[  573103ms] [LOG] i18next::translator: missingKey zhCN translation 噜噜小屋 噜噜小屋 @ http://localhost:5175/static/js/vendors-node_modules_katex_dist_katex_min_css-node_modules_lobehub_icons_es_index_js-node_mod-cc0141.js:340321
[  573103ms] [LOG] i18next::translator: missingKey zhCN translation 伙伴乐园 伙伴乐园 @ http://localhost:5175/static/js/vendors-node_modules_katex_dist_katex_min_css-node_modules_lobehub_icons_es_index_js-node_mod-cc0141.js:340321
[  573103ms] [LOG] i18next::translator: missingKey zhCN translation 排行榜 排行榜 @ http://localhost:5175/static/js/vendors-node_modules_katex_dist_katex_min_css-node_modules_lobehub_icons_es_index_js-node_mod-cc0141.js:340321
[  573103ms] [LOG] i18next::translator: missingKey zhCN translation 文档 文档 @ http://localhost:5175/static/js/vendors-node_modules_katex_dist_katex_min_css-node_modules_lobehub_icons_es_index_js-node_mod-cc0141.js:340321
[  573104ms] [LOG] i18next::translator: missingKey zhCN translation 关于噜噜 关于噜噜 @ http://localhost:5175/static/js/vendors-node_modules_katex_dist_katex_min_css-node_modules_lobehub_icons_es_index_js-node_mod-cc0141.js:340321
[  573104ms] [LOG] i18next::translator: missingKey zhCN translation 噜噜岛 噜噜岛 @ http://localhost:5175/static/js/vendors-node_modules_katex_dist_katex_min_css-node_modules_lobehub_icons_es_index_js-node_mod-cc0141.js:340321
[  573104ms] [LOG] i18next::translator: missingKey zhCN translation 噜噜小屋 噜噜小屋 @ http://localhost:5175/static/js/vendors-node_modules_katex_dist_katex_min_css-node_modules_lobehub_icons_es_index_js-node_mod-cc0141.js:340321
[  573105ms] [LOG] i18next::translator: missingKey zhCN translation 伙伴乐园 伙伴乐园 @ http://localhost:5175/static/js/vendors-node_modules_katex_dist_katex_min_css-node_modules_lobehub_icons_es_index_js-node_mod-cc0141.js:340321
[  573105ms] [LOG] i18next::translator: missingKey zhCN translation 排行榜 排行榜 @ http://localhost:5175/static/js/vendors-node_modules_katex_dist_katex_min_css-node_modules_lobehub_icons_es_index_js-node_mod-cc0141.js:340321
[  573105ms] [LOG] i18next::translator: missingKey zhCN translation 文档 文档 @ http://localhost:5175/static/js/vendors-node_modules_katex_dist_katex_min_css-node_modules_lobehub_icons_es_index_js-node_mod-cc0141.js:340321
[  573105ms] [LOG] i18next::translator: missingKey zhCN translation 关于噜噜 关于噜噜 @ http://localhost:5175/static/js/vendors-node_modules_katex_dist_katex_min_css-node_modules_lobehub_icons_es_index_js-node_mod-cc0141.js:340321
[  573130ms] [LOG] i18next::translator: missingKey zhCN translation 噜噜岛 噜噜岛 @ http://localhost:5175/static/js/vendors-node_modules_katex_dist_katex_min_css-node_modules_lobehub_icons_es_index_js-node_mod-cc0141.js:340321
[  573130ms] [LOG] i18next::translator: missingKey zhCN translation 噜噜小屋 噜噜小屋 @ http://localhost:5175/static/js/vendors-node_modules_katex_dist_katex_min_css-node_modules_lobehub_icons_es_index_js-node_mod-cc0141.js:340321
[  573130ms] [LOG] i18next::translator: missingKey zhCN translation 伙伴乐园 伙伴乐园 @ http://localhost:5175/static/js/vendors-node_modules_katex_dist_katex_min_css-node_modules_lobehub_icons_es_index_js-node_mod-cc0141.js:340321
[  573130ms] [LOG] i18next::translator: missingKey zhCN translation 排行榜 排行榜 @ http://localhost:5175/static/js/vendors-node_modules_katex_dist_katex_min_css-node_modules_lobehub_icons_es_index_js-node_mod-cc0141.js:340321
[  573131ms] [LOG] i18next::translator: missingKey zhCN translation 文档 文档 @ http://localhost:5175/static/js/vendors-node_modules_katex_dist_katex_min_css-node_modules_lobehub_icons_es_index_js-node_mod-cc0141.js:340321
[  573131ms] [LOG] i18next::translator: missingKey zhCN translation 关于噜噜 关于噜噜 @ http://localhost:5175/static/js/vendors-node_modules_katex_dist_katex_min_css-node_modules_lobehub_icons_es_index_js-node_mod-cc0141.js:340321
[  573132ms] [LOG] i18next::translator: missingKey zhCN translation 噜噜岛 噜噜岛 @ http://localhost:5175/static/js/vendors-node_modules_katex_dist_katex_min_css-node_modules_lobehub_icons_es_index_js-node_mod-cc0141.js:340321
[  573132ms] [LOG] i18next::translator: missingKey zhCN translation 噜噜小屋 噜噜小屋 @ http://localhost:5175/static/js/vendors-node_modules_katex_dist_katex_min_css-node_modules_lobehub_icons_es_index_js-node_mod-cc0141.js:340321
[  573132ms] [LOG] i18next::translator: missingKey zhCN translation 伙伴乐园 伙伴乐园 @ http://localhost:5175/static/js/vendors-node_modules_katex_dist_katex_min_css-node_modules_lobehub_icons_es_index_js-node_mod-cc0141.js:340321
[  573132ms] [LOG] i18next::translator: missingKey zhCN translation 排行榜 排行榜 @ http://localhost:5175/static/js/vendors-node_modules_katex_dist_katex_min_css-node_modules_lobehub_icons_es_index_js-node_mod-cc0141.js:340321
[  573133ms] [LOG] i18next::translator: missingKey zhCN translation 文档 文档 @ http://localhost:5175/static/js/vendors-node_modules_katex_dist_katex_min_css-node_modules_lobehub_icons_es_index_js-node_mod-cc0141.js:340321
[  573133ms] [LOG] i18next::translator: missingKey zhCN translation 关于噜噜 关于噜噜 @ http://localhost:5175/static/js/vendors-node_modules_katex_dist_katex_min_css-node_modules_lobehub_icons_es_index_js-node_mod-cc0141.js:340321
[  573135ms] [LOG] i18next::translator: missingKey zhCN translation 噜噜岛 噜噜岛 @ http://localhost:5175/static/js/vendors-node_modules_katex_dist_katex_min_css-node_modules_lobehub_icons_es_index_js-node_mod-cc0141.js:340321
[  573135ms] [LOG] i18next::translator: missingKey zhCN translation 噜噜小屋 噜噜小屋 @ http://localhost:5175/static/js/vendors-node_modules_katex_dist_katex_min_css-node_modules_lobehub_icons_es_index_js-node_mod-cc0141.js:340321
[  573135ms] [LOG] i18next::translator: missingKey zhCN translation 伙伴乐园 伙伴乐园 @ http://localhost:5175/static/js/vendors-node_modules_katex_dist_katex_min_css-node_modules_lobehub_icons_es_index_js-node_mod-cc0141.js:340321
[  573135ms] [LOG] i18next::translator: missingKey zhCN translation 排行榜 排行榜 @ http://localhost:5175/static/js/vendors-node_modules_katex_dist_katex_min_css-node_modules_lobehub_icons_es_index_js-node_mod-cc0141.js:340321
[  573136ms] [LOG] i18next::translator: missingKey zhCN translation 文档 文档 @ http://localhost:5175/static/js/vendors-node_modules_katex_dist_katex_min_css-node_modules_lobehub_icons_es_index_js-node_mod-cc0141.js:340321
[  573136ms] [LOG] i18next::translator: missingKey zhCN translation 关于噜噜 关于噜噜 @ http://localhost:5175/static/js/vendors-node_modules_katex_dist_katex_min_css-node_modules_lobehub_icons_es_index_js-node_mod-cc0141.js:340321
[  573136ms] [LOG] i18next::translator: missingKey zhCN translation 噜噜岛 噜噜岛 @ http://localhost:5175/static/js/vendors-node_modules_katex_dist_katex_min_css-node_modules_lobehub_icons_es_index_js-node_mod-cc0141.js:340321
[  573136ms] [LOG] i18next::translator: missingKey zhCN translation 噜噜小屋 噜噜小屋 @ http://localhost:5175/static/js/vendors-node_modules_katex_dist_katex_min_css-node_modules_lobehub_icons_es_index_js-node_mod-cc0141.js:340321
[  573136ms] [LOG] i18next::translator: missingKey zhCN translation 伙伴乐园 伙伴乐园 @ http://localhost:5175/static/js/vendors-node_modules_katex_dist_katex_min_css-node_modules_lobehub_icons_es_index_js-node_mod-cc0141.js:340321
[  573137ms] [LOG] i18next::translator: missingKey zhCN translation 排行榜 排行榜 @ http://localhost:5175/static/js/vendors-node_modules_katex_dist_katex_min_css-node_modules_lobehub_icons_es_index_js-node_mod-cc0141.js:340321
[  573137ms] [LOG] i18next::translator: missingKey zhCN translation 文档 文档 @ http://localhost:5175/static/js/vendors-node_modules_katex_dist_katex_min_css-node_modules_lobehub_icons_es_index_js-node_mod-cc0141.js:340321
[  573137ms] [LOG] i18next::translator: missingKey zhCN translation 关于噜噜 关于噜噜 @ http://localhost:5175/static/js/vendors-node_modules_katex_dist_katex_min_css-node_modules_lobehub_icons_es_index_js-node_mod-cc0141.js:340321
[  573174ms] [LOG] i18next::translator: missingKey zhCN translation 噜噜岛 噜噜岛 @ http://localhost:5175/static/js/vendors-node_modules_katex_dist_katex_min_css-node_modules_lobehub_icons_es_index_js-node_mod-cc0141.js:340321
[  573174ms] [LOG] i18next::translator: missingKey zhCN translation 噜噜小屋 噜噜小屋 @ http://localhost:5175/static/js/vendors-node_modules_katex_dist_katex_min_css-node_modules_lobehub_icons_es_index_js-node_mod-cc0141.js:340321
[  573174ms] [LOG] i18next::translator: missingKey zhCN translation 伙伴乐园 伙伴乐园 @ http://localhost:5175/static/js/vendors-node_modules_katex_dist_katex_min_css-node_modules_lobehub_icons_es_index_js-node_mod-cc0141.js:340321
[  573174ms] [LOG] i18next::translator: missingKey zhCN translation 排行榜 排行榜 @ http://localhost:5175/static/js/vendors-node_modules_katex_dist_katex_min_css-node_modules_lobehub_icons_es_index_js-node_mod-cc0141.js:340321
[  573174ms] [LOG] i18next::translator: missingKey zhCN translation 文档 文档 @ http://localhost:5175/static/js/vendors-node_modules_katex_dist_katex_min_css-node_modules_lobehub_icons_es_index_js-node_mod-cc0141.js:340321
[  573175ms] [LOG] i18next::translator: missingKey zhCN translation 关于噜噜 关于噜噜 @ http://localhost:5175/static/js/vendors-node_modules_katex_dist_katex_min_css-node_modules_lobehub_icons_es_index_js-node_mod-cc0141.js:340321
[  573175ms] [LOG] i18next::translator: missingKey zhCN translation 噜噜岛 噜噜岛 @ http://localhost:5175/static/js/vendors-node_modules_katex_dist_katex_min_css-node_modules_lobehub_icons_es_index_js-node_mod-cc0141.js:340321
[  573175ms] [LOG] i18next::translator: missingKey zhCN translation 噜噜小屋 噜噜小屋 @ http://localhost:5175/static/js/vendors-node_modules_katex_dist_katex_min_css-node_modules_lobehub_icons_es_index_js-node_mod-cc0141.js:340321
[  573175ms] [LOG] i18next::translator: missingKey zhCN translation 伙伴乐园 伙伴乐园 @ http://localhost:5175/static/js/vendors-node_modules_katex_dist_katex_min_css-node_modules_lobehub_icons_es_index_js-node_mod-cc0141.js:340321
[  573175ms] [LOG] i18next::translator: missingKey zhCN translation 排行榜 排行榜 @ http://localhost:5175/static/js/vendors-node_modules_katex_dist_katex_min_css-node_modules_lobehub_icons_es_index_js-node_mod-cc0141.js:340321
[  573175ms] [LOG] i18next::translator: missingKey zhCN translation 文档 文档 @ http://localhost:5175/static/js/vendors-node_modules_katex_dist_katex_min_css-node_modules_lobehub_icons_es_index_js-node_mod-cc0141.js:340321
[  573175ms] [LOG] i18next::translator: missingKey zhCN translation 关于噜噜 关于噜噜 @ http://localhost:5175/static/js/vendors-node_modules_katex_dist_katex_min_css-node_modules_lobehub_icons_es_index_js-node_mod-cc0141.js:340321
[  573176ms] [LOG] i18next::translator: missingKey zhCN translation 噜噜岛 噜噜岛 @ http://localhost:5175/static/js/vendors-node_modules_katex_dist_katex_min_css-node_modules_lobehub_icons_es_index_js-node_mod-cc0141.js:340321
[  573176ms] [LOG] i18next::translator: missingKey zhCN translation 噜噜小屋 噜噜小屋 @ http://localhost:5175/static/js/vendors-node_modules_katex_dist_katex_min_css-node_modules_lobehub_icons_es_index_js-node_mod-cc0141.js:340321
[  573176ms] [LOG] i18next::translator: missingKey zhCN translation 伙伴乐园 伙伴乐园 @ http://localhost:5175/static/js/vendors-node_modules_katex_dist_katex_min_css-node_modules_lobehub_icons_es_index_js-node_mod-cc0141.js:340321
[  573176ms] [LOG] i18next::translator: missingKey zhCN translation 排行榜 排行榜 @ http://localhost:5175/static/js/vendors-node_modules_katex_dist_katex_min_css-node_modules_lobehub_icons_es_index_js-node_mod-cc0141.js:340321
[  573176ms] [LOG] i18next::translator: missingKey zhCN translation 文档 文档 @ http://localhost:5175/static/js/vendors-node_modules_katex_dist_katex_min_css-node_modules_lobehub_icons_es_index_js-node_mod-cc0141.js:340321
[  573176ms] [LOG] i18next::translator: missingKey zhCN translation 关于噜噜 关于噜噜 @ http://localhost:5175/static/js/vendors-node_modules_katex_dist_katex_min_css-node_modules_lobehub_icons_es_index_js-node_mod-cc0141.js:340321
[  573177ms] [LOG] i18next::translator: missingKey zhCN translation 噜噜岛 噜噜岛 @ http://localhost:5175/static/js/vendors-node_modules_katex_dist_katex_min_css-node_modules_lobehub_icons_es_index_js-node_mod-cc0141.js:340321
[  573177ms] [LOG] i18next::translator: missingKey zhCN translation 噜噜小屋 噜噜小屋 @ http://localhost:5175/static/js/vendors-node_modules_katex_dist_katex_min_css-node_modules_lobehub_icons_es_index_js-node_mod-cc0141.js:340321
[  573177ms] [LOG] i18next::translator: missingKey zhCN translation 伙伴乐园 伙伴乐园 @ http://localhost:5175/static/js/vendors-node_modules_katex_dist_katex_min_css-node_modules_lobehub_icons_es_index_js-node_mod-cc0141.js:340321
[  573177ms] [LOG] i18next::translator: missingKey zhCN translation 排行榜 排行榜 @ http://localhost:5175/static/js/vendors-node_modules_katex_dist_katex_min_css-node_modules_lobehub_icons_es_index_js-node_mod-cc0141.js:340321
[  573177ms] [LOG] i18next::translator: missingKey zhCN translation 文档 文档 @ http://localhost:5175/static/js/vendors-node_modules_katex_dist_katex_min_css-node_modules_lobehub_icons_es_index_js-node_mod-cc0141.js:340321
[  573177ms] [LOG] i18next::translator: missingKey zhCN translation 关于噜噜 关于噜噜 @ http://localhost:5175/static/js/vendors-node_modules_katex_dist_katex_min_css-node_modules_lobehub_icons_es_index_js-node_mod-cc0141.js:340321
[  573188ms] [LOG] i18next::translator: missingKey zhCN translation 噜噜岛 噜噜岛 @ http://localhost:5175/static/js/vendors-node_modules_katex_dist_katex_min_css-node_modules_lobehub_icons_es_index_js-node_mod-cc0141.js:340321
[  573188ms] [LOG] i18next::translator: missingKey zhCN translation 噜噜小屋 噜噜小屋 @ http://localhost:5175/static/js/vendors-node_modules_katex_dist_katex_min_css-node_modules_lobehub_icons_es_index_js-node_mod-cc0141.js:340321
[  573188ms] [LOG] i18next::translator: missingKey zhCN translation 伙伴乐园 伙伴乐园 @ http://localhost:5175/static/js/vendors-node_modules_katex_dist_katex_min_css-node_modules_lobehub_icons_es_index_js-node_mod-cc0141.js:340321
[  573188ms] [LOG] i18next::translator: missingKey zhCN translation 排行榜 排行榜 @ http://localhost:5175/static/js/vendors-node_modules_katex_dist_katex_min_css-node_modules_lobehub_icons_es_index_js-node_mod-cc0141.js:340321
[  573188ms] [LOG] i18next::translator: missingKey zhCN translation 文档 文档 @ http://localhost:5175/static/js/vendors-node_modules_katex_dist_katex_min_css-node_modules_lobehub_icons_es_index_js-node_mod-cc0141.js:340321
[  573189ms] [LOG] i18next::translator: missingKey zhCN translation 关于噜噜 关于噜噜 @ http://localhost:5175/static/js/vendors-node_modules_katex_dist_katex_min_css-node_modules_lobehub_icons_es_index_js-node_mod-cc0141.js:340321
[  573189ms] [LOG] i18next::translator: missingKey zhCN translation 噜噜岛 噜噜岛 @ http://localhost:5175/static/js/vendors-node_modules_katex_dist_katex_min_css-node_modules_lobehub_icons_es_index_js-node_mod-cc0141.js:340321
[  573189ms] [LOG] i18next::translator: missingKey zhCN translation 噜噜小屋 噜噜小屋 @ http://localhost:5175/static/js/vendors-node_modules_katex_dist_katex_min_css-node_modules_lobehub_icons_es_index_js-node_mod-cc0141.js:340321
[  573189ms] [LOG] i18next::translator: missingKey zhCN translation 伙伴乐园 伙伴乐园 @ http://localhost:5175/static/js/vendors-node_modules_katex_dist_katex_min_css-node_modules_lobehub_icons_es_index_js-node_mod-cc0141.js:340321
[  573189ms] [LOG] i18next::translator: missingKey zhCN translation 排行榜 排行榜 @ http://localhost:5175/static/js/vendors-node_modules_katex_dist_katex_min_css-node_modules_lobehub_icons_es_index_js-node_mod-cc0141.js:340321
[  573189ms] [LOG] i18next::translator: missingKey zhCN translation 文档 文档 @ http://localhost:5175/static/js/vendors-node_modules_katex_dist_katex_min_css-node_modules_lobehub_icons_es_index_js-node_mod-cc0141.js:340321
[  573189ms] [LOG] i18next::translator: missingKey zhCN translation 关于噜噜 关于噜噜 @ http://localhost:5175/static/js/vendors-node_modules_katex_dist_katex_min_css-node_modules_lobehub_icons_es_index_js-node_mod-cc0141.js:340321
[  573190ms] [LOG] i18next::translator: missingKey zhCN translation 噜噜岛 噜噜岛 @ http://localhost:5175/static/js/vendors-node_modules_katex_dist_katex_min_css-node_modules_lobehub_icons_es_index_js-node_mod-cc0141.js:340321
[  573190ms] [LOG] i18next::translator: missingKey zhCN translation 噜噜小屋 噜噜小屋 @ http://localhost:5175/static/js/vendors-node_modules_katex_dist_katex_min_css-node_modules_lobehub_icons_es_index_js-node_mod-cc0141.js:340321
[  573190ms] [LOG] i18next::translator: missingKey zhCN translation 伙伴乐园 伙伴乐园 @ http://localhost:5175/static/js/vendors-node_modules_katex_dist_katex_min_css-node_modules_lobehub_icons_es_index_js-node_mod-cc0141.js:340321
[  573190ms] [LOG] i18next::translator: missingKey zhCN translation 排行榜 排行榜 @ http://localhost:5175/static/js/vendors-node_modules_katex_dist_katex_min_css-node_modules_lobehub_icons_es_index_js-node_mod-cc0141.js:340321
[  573190ms] [LOG] i18next::translator: missingKey zhCN translation 文档 文档 @ http://localhost:5175/static/js/vendors-node_modules_katex_dist_katex_min_css-node_modules_lobehub_icons_es_index_js-node_mod-cc0141.js:340321
[  573190ms] [LOG] i18next::translator: missingKey zhCN translation 关于噜噜 关于噜噜 @ http://localhost:5175/static/js/vendors-node_modules_katex_dist_katex_min_css-node_modules_lobehub_icons_es_index_js-node_mod-cc0141.js:340321
[  573191ms] [LOG] i18next::translator: missingKey zhCN translation 噜噜岛 噜噜岛 @ http://localhost:5175/static/js/vendors-node_modules_katex_dist_katex_min_css-node_modules_lobehub_icons_es_index_js-node_mod-cc0141.js:340321
[  573191ms] [LOG] i18next::translator: missingKey zhCN translation 噜噜小屋 噜噜小屋 @ http://localhost:5175/static/js/vendors-node_modules_katex_dist_katex_min_css-node_modules_lobehub_icons_es_index_js-node_mod-cc0141.js:340321
[  573191ms] [LOG] i18next::translator: missingKey zhCN translation 伙伴乐园 伙伴乐园 @ http://localhost:5175/static/js/vendors-node_modules_katex_dist_katex_min_css-node_modules_lobehub_icons_es_index_js-node_mod-cc0141.js:340321
[  573191ms] [LOG] i18next::translator: missingKey zhCN translation 排行榜 排行榜 @ http://localhost:5175/static/js/vendors-node_modules_katex_dist_katex_min_css-node_modules_lobehub_icons_es_index_js-node_mod-cc0141.js:340321
[  573191ms] [LOG] i18next::translator: missingKey zhCN translation 文档 文档 @ http://localhost:5175/static/js/vendors-node_modules_katex_dist_katex_min_css-node_modules_lobehub_icons_es_index_js-node_mod-cc0141.js:340321
[  573191ms] [LOG] i18next::translator: missingKey zhCN translation 关于噜噜 关于噜噜 @ http://localhost:5175/static/js/vendors-node_modules_katex_dist_katex_min_css-node_modules_lobehub_icons_es_index_js-node_mod-cc0141.js:340321
[  573204ms] [INFO] [rsbuild] WebSocket connected. @ http://localhost:5175/static/js/vendors-node_modules_katex_dist_katex_min_css-node_modules_lobehub_icons_es_index_js-node_mod-cc0141.js:272395
[  574045ms] [INFO] [rsbuild] WebSocket connecting... @ http://localhost:5175/static/js/vendors-node_modules_katex_dist_katex_min_css-node_modules_lobehub_icons_es_index_js-node_mod-cc0141.js:272395
[  574049ms] [INFO] %cDownload the React DevTools for a better development experience: https://react.dev/link/react-devtools font-weight:bold @ http://localhost:5175/static/js/lib-react.js:28005
[  574063ms] [LOG] i18next: languageChanged zhCN @ http://localhost:5175/static/js/vendors-node_modules_katex_dist_katex_min_css-node_modules_lobehub_icons_es_index_js-node_mod-cc0141.js:340321
[  574063ms] [LOG] i18next: initialized {debug: true, initAsync: true, ns: Array(1), defaultNS: Array(1), fallbackLng: Array(1)} @ http://localhost:5175/static/js/vendors-node_modules_katex_dist_katex_min_css-node_modules_lobehub_icons_es_index_js-node_mod-cc0141.js:340321
[  574382ms] [INFO] [rsbuild] WebSocket connected. @ http://localhost:5175/static/js/vendors-node_modules_katex_dist_katex_min_css-node_modules_lobehub_icons_es_index_js-node_mod-cc0141.js:272395
[  678100ms] [LOG] [HMR] Reload all CSS @ http://localhost:5175/static/js/vendors-node_modules_katex_dist_katex_min_css-node_modules_lobehub_icons_es_index_js-node_mod-cc0141.js:310559
[  678103ms] [ERROR] [rsbuild] HMR update failed, performing full reload: Error: Aborted because ./src/i18n/locales/en.json is not accepted
Update propagation: ./src/i18n/locales/en.json -> ./src/i18n/config.ts -> ./src/main.tsx
    at hotApplyHandler (http://localhost:5175/static/js/index.js:262449:20)
    at http://localhost:5175/static/js/index.js:261868:10
    at Array.map (<anonymous>)
    at internalApply (http://localhost:5175/static/js/index.js:261867:43)
    at http://localhost:5175/static/js/index.js:261842:15
    at waitForBlockingPromises (http://localhost:5175/static/js/index.js:261795:37)
    at http://localhost:5175/static/js/index.js:261840:13 @ http://localhost:5175/static/js/vendors-node_modules_katex_dist_katex_min_css-node_modules_lobehub_icons_es_index_js-node_mod-cc0141.js:272409
[  678772ms] [INFO] [rsbuild] WebSocket connecting... @ http://localhost:5175/static/js/vendors-node_modules_katex_dist_katex_min_css-node_modules_lobehub_icons_es_index_js-node_mod-cc0141.js:272395
[  678776ms] [INFO] %cDownload the React DevTools for a better development experience: https://react.dev/link/react-devtools font-weight:bold @ http://localhost:5175/static/js/lib-react.js:28005
[  678800ms] [LOG] i18next: languageChanged zhCN @ http://localhost:5175/static/js/vendors-node_modules_katex_dist_katex_min_css-node_modules_lobehub_icons_es_index_js-node_mod-cc0141.js:340321
[  678800ms] [LOG] i18next: initialized {debug: true, initAsync: true, ns: Array(1), defaultNS: Array(1), fallbackLng: Array(1)} @ http://localhost:5175/static/js/vendors-node_modules_katex_dist_katex_min_css-node_modules_lobehub_icons_es_index_js-node_mod-cc0141.js:340321
[  679292ms] [INFO] [rsbuild] WebSocket connected. @ http://localhost:5175/static/js/vendors-node_modules_katex_dist_katex_min_css-node_modules_lobehub_icons_es_index_js-node_mod-cc0141.js:272395
[  685117ms] [LOG] [HMR] Reload all CSS @ http://localhost:5175/static/js/vendors-node_modules_katex_dist_katex_min_css-node_modules_lobehub_icons_es_index_js-node_mod-cc0141.js:310559
[  731987ms] [INFO] [rsbuild] WebSocket connecting... @ http://localhost:5175/static/js/vendors-node_modules_katex_dist_katex_min_css-node_modules_lobehub_icons_es_index_js-node_mod-cc0141.js:272395
[  731992ms] [INFO] %cDownload the React DevTools for a better development experience: https://react.dev/link/react-devtools font-weight:bold @ http://localhost:5175/static/js/lib-react.js:28005
[  732013ms] [LOG] i18next: languageChanged zhCN @ http://localhost:5175/static/js/vendors-node_modules_katex_dist_katex_min_css-node_modules_lobehub_icons_es_index_js-node_mod-cc0141.js:340321
[  732013ms] [LOG] i18next: initialized {debug: true, initAsync: true, ns: Array(1), defaultNS: Array(1), fallbackLng: Array(1)} @ http://localhost:5175/static/js/vendors-node_modules_katex_dist_katex_min_css-node_modules_lobehub_icons_es_index_js-node_mod-cc0141.js:340321
[  732414ms] [INFO] [rsbuild] WebSocket connected. @ http://localhost:5175/static/js/vendors-node_modules_katex_dist_katex_min_css-node_modules_lobehub_icons_es_index_js-node_mod-cc0141.js:272395
